0.0,16384.0,gradients/resnet_v2_200/block5/unit_24/bottleneck_v2/conv3/BiasAdd_grad/tuple/control_dependency_1
1.0,2097152.0,gradients/addNunit_24conv3
4.0,4096.0,gradients/resnet_v2_200/block5/unit_24/bottleneck_v2/conv2/BatchNorm/FusedBatchNorm_grad/tuple/control_dependency_2
4.0,4096.0,gradients/resnet_v2_200/block5/unit_24/bottleneck_v2/conv2/BatchNorm/FusedBatchNorm_grad/tuple/control_dependency_1
5.0,4096.0,gradients/resnet_v2_200/block5/unit_24/bottleneck_v2/conv1/BatchNorm/FusedBatchNorm_grad/tuple/control_dependency_1
5.0,4096.0,gradients/resnet_v2_200/block5/unit_24/bottleneck_v2/conv1/BatchNorm/FusedBatchNorm_grad/tuple/control_dependency_2
5.0,4718592.0,gradients/addNunit_24conv2
6.0,16384.0,gradients/resnet_v2_200/block5/unit_24/bottleneck_v2/preact/FusedBatchNorm_grad/tuple/control_dependency_1
6.0,2097152.0,gradients/addNunit_24conv1
7.0,16384.0,gradients/resnet_v2_200/block5/unit_24/bottleneck_v2/preact/FusedBatchNorm_grad/tuple/control_dependency_2
7.0,16384.0,gradients/resnet_v2_200/block5/unit_23/bottleneck_v2/conv3/BiasAdd_grad/tuple/control_dependency_1
8.0,2097152.0,gradients/addNunit_23conv3
11.0,4096.0,gradients/resnet_v2_200/block5/unit_23/bottleneck_v2/conv2/BatchNorm/FusedBatchNorm_grad/tuple/control_dependency_2
11.0,4096.0,gradients/resnet_v2_200/block5/unit_23/bottleneck_v2/conv2/BatchNorm/FusedBatchNorm_grad/tuple/control_dependency_1
12.0,4096.0,gradients/resnet_v2_200/block5/unit_23/bottleneck_v2/conv1/BatchNorm/FusedBatchNorm_grad/tuple/control_dependency_1
12.0,4096.0,gradients/resnet_v2_200/block5/unit_23/bottleneck_v2/conv1/BatchNorm/FusedBatchNorm_grad/tuple/control_dependency_2
12.0,4718592.0,gradients/addNunit_23conv2
13.0,16384.0,gradients/resnet_v2_200/block5/unit_23/bottleneck_v2/preact/FusedBatchNorm_grad/tuple/control_dependency_2
13.0,16384.0,gradients/resnet_v2_200/block5/unit_23/bottleneck_v2/preact/FusedBatchNorm_grad/tuple/control_dependency_1
13.0,2097152.0,gradients/addNunit_23conv1
14.0,16384.0,gradients/resnet_v2_200/block5/unit_22/bottleneck_v2/conv3/BiasAdd_grad/tuple/control_dependency_1
15.0,2097152.0,gradients/addNunit_22conv3
17.0,4096.0,gradients/resnet_v2_200/block5/unit_22/bottleneck_v2/conv2/BatchNorm/FusedBatchNorm_grad/tuple/control_dependency_1
18.0,4096.0,gradients/resnet_v2_200/block5/unit_22/bottleneck_v2/conv2/BatchNorm/FusedBatchNorm_grad/tuple/control_dependency_2
19.0,4096.0,gradients/resnet_v2_200/block5/unit_22/bottleneck_v2/conv1/BatchNorm/FusedBatchNorm_grad/tuple/control_dependency_1
19.0,4096.0,gradients/resnet_v2_200/block5/unit_22/bottleneck_v2/conv1/BatchNorm/FusedBatchNorm_grad/tuple/control_dependency_2
19.0,4718592.0,gradients/addNunit_22conv2
20.0,16384.0,gradients/resnet_v2_200/block5/unit_22/bottleneck_v2/preact/FusedBatchNorm_grad/tuple/control_dependency_2
20.0,16384.0,gradients/resnet_v2_200/block5/unit_22/bottleneck_v2/preact/FusedBatchNorm_grad/tuple/control_dependency_1
20.0,2097152.0,gradients/addNunit_22conv1
21.0,16384.0,gradients/resnet_v2_200/block5/unit_21/bottleneck_v2/conv3/BiasAdd_grad/tuple/control_dependency_1
22.0,2097152.0,gradients/addNunit_21conv3
24.0,4096.0,gradients/resnet_v2_200/block5/unit_21/bottleneck_v2/conv2/BatchNorm/FusedBatchNorm_grad/tuple/control_dependency_1
25.0,4096.0,gradients/resnet_v2_200/block5/unit_21/bottleneck_v2/conv2/BatchNorm/FusedBatchNorm_grad/tuple/control_dependency_2
25.0,4096.0,gradients/resnet_v2_200/block5/unit_21/bottleneck_v2/conv1/BatchNorm/FusedBatchNorm_grad/tuple/control_dependency_1
25.0,4096.0,gradients/resnet_v2_200/block5/unit_21/bottleneck_v2/conv1/BatchNorm/FusedBatchNorm_grad/tuple/control_dependency_2
26.0,4718592.0,gradients/addNunit_21conv2
26.0,2097152.0,gradients/addNunit_21conv1
27.0,16384.0,gradients/resnet_v2_200/block5/unit_21/bottleneck_v2/preact/FusedBatchNorm_grad/tuple/control_dependency_2
27.0,16384.0,gradients/resnet_v2_200/block5/unit_21/bottleneck_v2/preact/FusedBatchNorm_grad/tuple/control_dependency_1
28.0,16384.0,gradients/resnet_v2_200/block5/unit_20/bottleneck_v2/conv3/BiasAdd_grad/tuple/control_dependency_1
29.0,2097152.0,gradients/addNunit_20conv3
31.0,4096.0,gradients/resnet_v2_200/block5/unit_20/bottleneck_v2/conv2/BatchNorm/FusedBatchNorm_grad/tuple/control_dependency_2
31.0,4096.0,gradients/resnet_v2_200/block5/unit_20/bottleneck_v2/conv2/BatchNorm/FusedBatchNorm_grad/tuple/control_dependency_1
32.0,4096.0,gradients/resnet_v2_200/block5/unit_20/bottleneck_v2/conv1/BatchNorm/FusedBatchNorm_grad/tuple/control_dependency_1
32.0,4096.0,gradients/resnet_v2_200/block5/unit_20/bottleneck_v2/conv1/BatchNorm/FusedBatchNorm_grad/tuple/control_dependency_2
32.0,4718592.0,gradients/addNunit_20conv2
33.0,2097152.0,gradients/addNunit_20conv1
34.0,16384.0,gradients/resnet_v2_200/block5/unit_20/bottleneck_v2/preact/FusedBatchNorm_grad/tuple/control_dependency_2
34.0,16384.0,gradients/resnet_v2_200/block5/unit_20/bottleneck_v2/preact/FusedBatchNorm_grad/tuple/control_dependency_1
35.0,16384.0,gradients/resnet_v2_200/block5/unit_19/bottleneck_v2/conv3/BiasAdd_grad/tuple/control_dependency_1
36.0,2097152.0,gradients/addNunit_19conv3
38.0,4096.0,gradients/resnet_v2_200/block5/unit_19/bottleneck_v2/conv2/BatchNorm/FusedBatchNorm_grad/tuple/control_dependency_2
38.0,4096.0,gradients/resnet_v2_200/block5/unit_19/bottleneck_v2/conv2/BatchNorm/FusedBatchNorm_grad/tuple/control_dependency_1
39.0,4096.0,gradients/resnet_v2_200/block5/unit_19/bottleneck_v2/conv1/BatchNorm/FusedBatchNorm_grad/tuple/control_dependency_1
39.0,4096.0,gradients/resnet_v2_200/block5/unit_19/bottleneck_v2/conv1/BatchNorm/FusedBatchNorm_grad/tuple/control_dependency_2
39.0,4718592.0,gradients/addNunit_19conv2
40.0,2097152.0,gradients/addNunit_19conv1
41.0,16384.0,gradients/resnet_v2_200/block5/unit_19/bottleneck_v2/preact/FusedBatchNorm_grad/tuple/control_dependency_2
41.0,16384.0,gradients/resnet_v2_200/block5/unit_19/bottleneck_v2/preact/FusedBatchNorm_grad/tuple/control_dependency_1
42.0,16384.0,gradients/resnet_v2_200/block5/unit_18/bottleneck_v2/conv3/BiasAdd_grad/tuple/control_dependency_1
43.0,2097152.0,gradients/addNunit_18conv3
45.0,4096.0,gradients/resnet_v2_200/block5/unit_18/bottleneck_v2/conv2/BatchNorm/FusedBatchNorm_grad/tuple/control_dependency_2
45.0,4096.0,gradients/resnet_v2_200/block5/unit_18/bottleneck_v2/conv2/BatchNorm/FusedBatchNorm_grad/tuple/control_dependency_1
46.0,4096.0,gradients/resnet_v2_200/block5/unit_18/bottleneck_v2/conv1/BatchNorm/FusedBatchNorm_grad/tuple/control_dependency_1
46.0,4096.0,gradients/resnet_v2_200/block5/unit_18/bottleneck_v2/conv1/BatchNorm/FusedBatchNorm_grad/tuple/control_dependency_2
46.0,4718592.0,gradients/addNunit_18conv2
47.0,2097152.0,gradients/addNunit_18conv1
48.0,16384.0,gradients/resnet_v2_200/block5/unit_18/bottleneck_v2/preact/FusedBatchNorm_grad/tuple/control_dependency_2
48.0,16384.0,gradients/resnet_v2_200/block5/unit_18/bottleneck_v2/preact/FusedBatchNorm_grad/tuple/control_dependency_1
49.0,16384.0,gradients/resnet_v2_200/block5/unit_17/bottleneck_v2/conv3/BiasAdd_grad/tuple/control_dependency_1
50.0,2097152.0,gradients/addNunit_17conv3
52.0,4096.0,gradients/resnet_v2_200/block5/unit_17/bottleneck_v2/conv2/BatchNorm/FusedBatchNorm_grad/tuple/control_dependency_2
52.0,4096.0,gradients/resnet_v2_200/block5/unit_17/bottleneck_v2/conv2/BatchNorm/FusedBatchNorm_grad/tuple/control_dependency_1
53.0,4096.0,gradients/resnet_v2_200/block5/unit_17/bottleneck_v2/conv1/BatchNorm/FusedBatchNorm_grad/tuple/control_dependency_1
53.0,4096.0,gradients/resnet_v2_200/block5/unit_17/bottleneck_v2/conv1/BatchNorm/FusedBatchNorm_grad/tuple/control_dependency_2
53.0,4718592.0,gradients/addNunit_17conv2
54.0,2097152.0,gradients/addNunit_17conv1
55.0,16384.0,gradients/resnet_v2_200/block5/unit_17/bottleneck_v2/preact/FusedBatchNorm_grad/tuple/control_dependency_2
55.0,16384.0,gradients/resnet_v2_200/block5/unit_17/bottleneck_v2/preact/FusedBatchNorm_grad/tuple/control_dependency_1
56.0,16384.0,gradients/resnet_v2_200/block5/unit_16/bottleneck_v2/conv3/BiasAdd_grad/tuple/control_dependency_1
57.0,2097152.0,gradients/addNunit_16conv3
59.0,4096.0,gradients/resnet_v2_200/block5/unit_16/bottleneck_v2/conv2/BatchNorm/FusedBatchNorm_grad/tuple/control_dependency_2
59.0,4096.0,gradients/resnet_v2_200/block5/unit_16/bottleneck_v2/conv2/BatchNorm/FusedBatchNorm_grad/tuple/control_dependency_1
60.0,4096.0,gradients/resnet_v2_200/block5/unit_16/bottleneck_v2/conv1/BatchNorm/FusedBatchNorm_grad/tuple/control_dependency_1
60.0,4096.0,gradients/resnet_v2_200/block5/unit_16/bottleneck_v2/conv1/BatchNorm/FusedBatchNorm_grad/tuple/control_dependency_2
60.0,4718592.0,gradients/addNunit_16conv2
61.0,2097152.0,gradients/addNunit_16conv1
62.0,16384.0,gradients/resnet_v2_200/block5/unit_16/bottleneck_v2/preact/FusedBatchNorm_grad/tuple/control_dependency_2
62.0,16384.0,gradients/resnet_v2_200/block5/unit_16/bottleneck_v2/preact/FusedBatchNorm_grad/tuple/control_dependency_1
63.0,16384.0,gradients/resnet_v2_200/block5/unit_15/bottleneck_v2/conv3/BiasAdd_grad/tuple/control_dependency_1
64.0,2097152.0,gradients/addNunit_15conv3
66.0,4096.0,gradients/resnet_v2_200/block5/unit_15/bottleneck_v2/conv2/BatchNorm/FusedBatchNorm_grad/tuple/control_dependency_2
66.0,4096.0,gradients/resnet_v2_200/block5/unit_15/bottleneck_v2/conv2/BatchNorm/FusedBatchNorm_grad/tuple/control_dependency_1
67.0,4096.0,gradients/resnet_v2_200/block5/unit_15/bottleneck_v2/conv1/BatchNorm/FusedBatchNorm_grad/tuple/control_dependency_1
67.0,4096.0,gradients/resnet_v2_200/block5/unit_15/bottleneck_v2/conv1/BatchNorm/FusedBatchNorm_grad/tuple/control_dependency_2
67.0,4718592.0,gradients/addNunit_15conv2
68.0,2097152.0,gradients/addNunit_15conv1
69.0,16384.0,gradients/resnet_v2_200/block5/unit_15/bottleneck_v2/preact/FusedBatchNorm_grad/tuple/control_dependency_2
69.0,16384.0,gradients/resnet_v2_200/block5/unit_15/bottleneck_v2/preact/FusedBatchNorm_grad/tuple/control_dependency_1
70.0,16384.0,gradients/resnet_v2_200/block5/unit_14/bottleneck_v2/conv3/BiasAdd_grad/tuple/control_dependency_1
71.0,2097152.0,gradients/addNunit_14conv3
73.0,4096.0,gradients/resnet_v2_200/block5/unit_14/bottleneck_v2/conv2/BatchNorm/FusedBatchNorm_grad/tuple/control_dependency_2
73.0,4096.0,gradients/resnet_v2_200/block5/unit_14/bottleneck_v2/conv2/BatchNorm/FusedBatchNorm_grad/tuple/control_dependency_1
74.0,4096.0,gradients/resnet_v2_200/block5/unit_14/bottleneck_v2/conv1/BatchNorm/FusedBatchNorm_grad/tuple/control_dependency_1
74.0,4096.0,gradients/resnet_v2_200/block5/unit_14/bottleneck_v2/conv1/BatchNorm/FusedBatchNorm_grad/tuple/control_dependency_2
74.0,4718592.0,gradients/addNunit_14conv2
75.0,2097152.0,gradients/addNunit_14conv1
76.0,16384.0,gradients/resnet_v2_200/block5/unit_14/bottleneck_v2/preact/FusedBatchNorm_grad/tuple/control_dependency_2
76.0,16384.0,gradients/resnet_v2_200/block5/unit_14/bottleneck_v2/preact/FusedBatchNorm_grad/tuple/control_dependency_1
77.0,16384.0,gradients/resnet_v2_200/block5/unit_13/bottleneck_v2/conv3/BiasAdd_grad/tuple/control_dependency_1
78.0,2097152.0,gradients/addNunit_13conv3
80.0,4096.0,gradients/resnet_v2_200/block5/unit_13/bottleneck_v2/conv2/BatchNorm/FusedBatchNorm_grad/tuple/control_dependency_2
80.0,4096.0,gradients/resnet_v2_200/block5/unit_13/bottleneck_v2/conv2/BatchNorm/FusedBatchNorm_grad/tuple/control_dependency_1
81.0,4096.0,gradients/resnet_v2_200/block5/unit_13/bottleneck_v2/conv1/BatchNorm/FusedBatchNorm_grad/tuple/control_dependency_1
81.0,4096.0,gradients/resnet_v2_200/block5/unit_13/bottleneck_v2/conv1/BatchNorm/FusedBatchNorm_grad/tuple/control_dependency_2
81.0,4718592.0,gradients/addNunit_13conv2
82.0,16384.0,gradients/resnet_v2_200/block5/unit_13/bottleneck_v2/preact/FusedBatchNorm_grad/tuple/control_dependency_2
82.0,16384.0,gradients/resnet_v2_200/block5/unit_13/bottleneck_v2/preact/FusedBatchNorm_grad/tuple/control_dependency_1
82.0,2097152.0,gradients/addNunit_13conv1
83.0,16384.0,gradients/resnet_v2_200/block5/unit_12/bottleneck_v2/conv3/BiasAdd_grad/tuple/control_dependency_1
84.0,2097152.0,gradients/addNunit_12conv3
87.0,4096.0,gradients/resnet_v2_200/block5/unit_12/bottleneck_v2/conv2/BatchNorm/FusedBatchNorm_grad/tuple/control_dependency_2
87.0,4096.0,gradients/resnet_v2_200/block5/unit_12/bottleneck_v2/conv2/BatchNorm/FusedBatchNorm_grad/tuple/control_dependency_1
88.0,4096.0,gradients/resnet_v2_200/block5/unit_12/bottleneck_v2/conv1/BatchNorm/FusedBatchNorm_grad/tuple/control_dependency_1
88.0,4096.0,gradients/resnet_v2_200/block5/unit_12/bottleneck_v2/conv1/BatchNorm/FusedBatchNorm_grad/tuple/control_dependency_2
88.0,4718592.0,gradients/addNunit_12conv2
89.0,16384.0,gradients/resnet_v2_200/block5/unit_12/bottleneck_v2/preact/FusedBatchNorm_grad/tuple/control_dependency_1
89.0,2097152.0,gradients/addNunit_12conv1
90.0,16384.0,gradients/resnet_v2_200/block5/unit_12/bottleneck_v2/preact/FusedBatchNorm_grad/tuple/control_dependency_2
90.0,16384.0,gradients/resnet_v2_200/block5/unit_11/bottleneck_v2/conv3/BiasAdd_grad/tuple/control_dependency_1
91.0,2097152.0,gradients/addNunit_11conv3
94.0,4096.0,gradients/resnet_v2_200/block5/unit_11/bottleneck_v2/conv2/BatchNorm/FusedBatchNorm_grad/tuple/control_dependency_2
94.0,4096.0,gradients/resnet_v2_200/block5/unit_11/bottleneck_v2/conv2/BatchNorm/FusedBatchNorm_grad/tuple/control_dependency_1
95.0,4096.0,gradients/resnet_v2_200/block5/unit_11/bottleneck_v2/conv1/BatchNorm/FusedBatchNorm_grad/tuple/control_dependency_1
95.0,4096.0,gradients/resnet_v2_200/block5/unit_11/bottleneck_v2/conv1/BatchNorm/FusedBatchNorm_grad/tuple/control_dependency_2
95.0,4718592.0,gradients/addNunit_11conv2
96.0,16384.0,gradients/resnet_v2_200/block5/unit_11/bottleneck_v2/preact/FusedBatchNorm_grad/tuple/control_dependency_2
96.0,16384.0,gradients/resnet_v2_200/block5/unit_11/bottleneck_v2/preact/FusedBatchNorm_grad/tuple/control_dependency_1
96.0,2097152.0,gradients/addNunit_11conv1
97.0,16384.0,gradients/resnet_v2_200/block5/unit_10/bottleneck_v2/conv3/BiasAdd_grad/tuple/control_dependency_1
98.0,2097152.0,gradients/addNunit_10conv3
100.0,4096.0,gradients/resnet_v2_200/block5/unit_10/bottleneck_v2/conv2/BatchNorm/FusedBatchNorm_grad/tuple/control_dependency_2
100.0,4096.0,gradients/resnet_v2_200/block5/unit_10/bottleneck_v2/conv2/BatchNorm/FusedBatchNorm_grad/tuple/control_dependency_1
101.0,4096.0,gradients/resnet_v2_200/block5/unit_10/bottleneck_v2/conv1/BatchNorm/FusedBatchNorm_grad/tuple/control_dependency_1
101.0,4096.0,gradients/resnet_v2_200/block5/unit_10/bottleneck_v2/conv1/BatchNorm/FusedBatchNorm_grad/tuple/control_dependency_2
101.0,4718592.0,gradients/addNunit_10conv2
102.0,2097152.0,gradients/addNunit_10conv1
103.0,16384.0,gradients/resnet_v2_200/block5/unit_10/bottleneck_v2/preact/FusedBatchNorm_grad/tuple/control_dependency_2
103.0,16384.0,gradients/resnet_v2_200/block5/unit_10/bottleneck_v2/preact/FusedBatchNorm_grad/tuple/control_dependency_1
104.0,16384.0,gradients/resnet_v2_200/block5/unit_9/bottleneck_v2/conv3/BiasAdd_grad/tuple/control_dependency_1
105.0,2097152.0,gradients/addNunit_9/conv3
107.0,4096.0,gradients/resnet_v2_200/block5/unit_9/bottleneck_v2/conv2/BatchNorm/FusedBatchNorm_grad/tuple/control_dependency_2
107.0,4096.0,gradients/resnet_v2_200/block5/unit_9/bottleneck_v2/conv2/BatchNorm/FusedBatchNorm_grad/tuple/control_dependency_1
108.0,4096.0,gradients/resnet_v2_200/block5/unit_9/bottleneck_v2/conv1/BatchNorm/FusedBatchNorm_grad/tuple/control_dependency_1
108.0,4096.0,gradients/resnet_v2_200/block5/unit_9/bottleneck_v2/conv1/BatchNorm/FusedBatchNorm_grad/tuple/control_dependency_2
108.0,4718592.0,gradients/addNunit_9/conv2
109.0,2097152.0,gradients/addNunit_9/conv1
110.0,16384.0,gradients/resnet_v2_200/block5/unit_9/bottleneck_v2/preact/FusedBatchNorm_grad/tuple/control_dependency_2
110.0,16384.0,gradients/resnet_v2_200/block5/unit_9/bottleneck_v2/preact/FusedBatchNorm_grad/tuple/control_dependency_1
111.0,16384.0,gradients/resnet_v2_200/block5/unit_8/bottleneck_v2/conv3/BiasAdd_grad/tuple/control_dependency_1
112.0,2097152.0,gradients/addNunit_8/conv3
114.0,4096.0,gradients/resnet_v2_200/block5/unit_8/bottleneck_v2/conv2/BatchNorm/FusedBatchNorm_grad/tuple/control_dependency_2
114.0,4096.0,gradients/resnet_v2_200/block5/unit_8/bottleneck_v2/conv2/BatchNorm/FusedBatchNorm_grad/tuple/control_dependency_1
115.0,4096.0,gradients/resnet_v2_200/block5/unit_8/bottleneck_v2/conv1/BatchNorm/FusedBatchNorm_grad/tuple/control_dependency_1
115.0,4096.0,gradients/resnet_v2_200/block5/unit_8/bottleneck_v2/conv1/BatchNorm/FusedBatchNorm_grad/tuple/control_dependency_2
115.0,4718592.0,gradients/addNunit_8/conv2
116.0,2097152.0,gradients/addNunit_8/conv1
117.0,16384.0,gradients/resnet_v2_200/block5/unit_8/bottleneck_v2/preact/FusedBatchNorm_grad/tuple/control_dependency_2
117.0,16384.0,gradients/resnet_v2_200/block5/unit_8/bottleneck_v2/preact/FusedBatchNorm_grad/tuple/control_dependency_1
118.0,16384.0,gradients/resnet_v2_200/block5/unit_7/bottleneck_v2/conv3/BiasAdd_grad/tuple/control_dependency_1
119.0,2097152.0,gradients/addNunit_7/conv3
121.0,4096.0,gradients/resnet_v2_200/block5/unit_7/bottleneck_v2/conv2/BatchNorm/FusedBatchNorm_grad/tuple/control_dependency_2
121.0,4096.0,gradients/resnet_v2_200/block5/unit_7/bottleneck_v2/conv2/BatchNorm/FusedBatchNorm_grad/tuple/control_dependency_1
122.0,4096.0,gradients/resnet_v2_200/block5/unit_7/bottleneck_v2/conv1/BatchNorm/FusedBatchNorm_grad/tuple/control_dependency_1
122.0,4096.0,gradients/resnet_v2_200/block5/unit_7/bottleneck_v2/conv1/BatchNorm/FusedBatchNorm_grad/tuple/control_dependency_2
122.0,4718592.0,gradients/addNunit_7/conv2
123.0,2097152.0,gradients/addNunit_7/conv1
124.0,16384.0,gradients/resnet_v2_200/block5/unit_7/bottleneck_v2/preact/FusedBatchNorm_grad/tuple/control_dependency_2
124.0,16384.0,gradients/resnet_v2_200/block5/unit_7/bottleneck_v2/preact/FusedBatchNorm_grad/tuple/control_dependency_1
125.0,16384.0,gradients/resnet_v2_200/block5/unit_6/bottleneck_v2/conv3/BiasAdd_grad/tuple/control_dependency_1
126.0,2097152.0,gradients/addNunit_6/conv3
128.0,4096.0,gradients/resnet_v2_200/block5/unit_6/bottleneck_v2/conv2/BatchNorm/FusedBatchNorm_grad/tuple/control_dependency_2
128.0,4096.0,gradients/resnet_v2_200/block5/unit_6/bottleneck_v2/conv2/BatchNorm/FusedBatchNorm_grad/tuple/control_dependency_1
129.0,4096.0,gradients/resnet_v2_200/block5/unit_6/bottleneck_v2/conv1/BatchNorm/FusedBatchNorm_grad/tuple/control_dependency_1
129.0,4096.0,gradients/resnet_v2_200/block5/unit_6/bottleneck_v2/conv1/BatchNorm/FusedBatchNorm_grad/tuple/control_dependency_2
129.0,4718592.0,gradients/addNunit_6/conv2
130.0,2097152.0,gradients/addNunit_6/conv1
131.0,16384.0,gradients/resnet_v2_200/block5/unit_6/bottleneck_v2/preact/FusedBatchNorm_grad/tuple/control_dependency_2
131.0,16384.0,gradients/resnet_v2_200/block5/unit_6/bottleneck_v2/preact/FusedBatchNorm_grad/tuple/control_dependency_1
132.0,16384.0,gradients/resnet_v2_200/block5/unit_5/bottleneck_v2/conv3/BiasAdd_grad/tuple/control_dependency_1
133.0,2097152.0,gradients/addNunit_5/conv3
135.0,4096.0,gradients/resnet_v2_200/block5/unit_5/bottleneck_v2/conv2/BatchNorm/FusedBatchNorm_grad/tuple/control_dependency_2
135.0,4096.0,gradients/resnet_v2_200/block5/unit_5/bottleneck_v2/conv2/BatchNorm/FusedBatchNorm_grad/tuple/control_dependency_1
136.0,4096.0,gradients/resnet_v2_200/block5/unit_5/bottleneck_v2/conv1/BatchNorm/FusedBatchNorm_grad/tuple/control_dependency_1
136.0,4096.0,gradients/resnet_v2_200/block5/unit_5/bottleneck_v2/conv1/BatchNorm/FusedBatchNorm_grad/tuple/control_dependency_2
136.0,4718592.0,gradients/addNunit_5/conv2
137.0,2097152.0,gradients/addNunit_5/conv1
138.0,16384.0,gradients/resnet_v2_200/block5/unit_5/bottleneck_v2/preact/FusedBatchNorm_grad/tuple/control_dependency_2
138.0,16384.0,gradients/resnet_v2_200/block5/unit_5/bottleneck_v2/preact/FusedBatchNorm_grad/tuple/control_dependency_1
139.0,16384.0,gradients/resnet_v2_200/block5/unit_4/bottleneck_v2/conv3/BiasAdd_grad/tuple/control_dependency_1
140.0,2097152.0,gradients/addNunit_4/conv3
142.0,4096.0,gradients/resnet_v2_200/block5/unit_4/bottleneck_v2/conv2/BatchNorm/FusedBatchNorm_grad/tuple/control_dependency_2
142.0,4096.0,gradients/resnet_v2_200/block5/unit_4/bottleneck_v2/conv2/BatchNorm/FusedBatchNorm_grad/tuple/control_dependency_1
143.0,4096.0,gradients/resnet_v2_200/block5/unit_4/bottleneck_v2/conv1/BatchNorm/FusedBatchNorm_grad/tuple/control_dependency_1
143.0,4096.0,gradients/resnet_v2_200/block5/unit_4/bottleneck_v2/conv1/BatchNorm/FusedBatchNorm_grad/tuple/control_dependency_2
143.0,4718592.0,gradients/addNunit_4/conv2
144.0,2097152.0,gradients/addNunit_4/conv1
145.0,16384.0,gradients/resnet_v2_200/block5/unit_4/bottleneck_v2/preact/FusedBatchNorm_grad/tuple/control_dependency_2
145.0,16384.0,gradients/resnet_v2_200/block5/unit_4/bottleneck_v2/preact/FusedBatchNorm_grad/tuple/control_dependency_1
146.0,16384.0,gradients/resnet_v2_200/block5/unit_3/bottleneck_v2/conv3/BiasAdd_grad/tuple/control_dependency_1
147.0,2097152.0,gradients/addNunit_3/conv3
149.0,4096.0,gradients/resnet_v2_200/block5/unit_3/bottleneck_v2/conv2/BatchNorm/FusedBatchNorm_grad/tuple/control_dependency_2
149.0,4096.0,gradients/resnet_v2_200/block5/unit_3/bottleneck_v2/conv2/BatchNorm/FusedBatchNorm_grad/tuple/control_dependency_1
150.0,4096.0,gradients/resnet_v2_200/block5/unit_3/bottleneck_v2/conv1/BatchNorm/FusedBatchNorm_grad/tuple/control_dependency_1
150.0,4096.0,gradients/resnet_v2_200/block5/unit_3/bottleneck_v2/conv1/BatchNorm/FusedBatchNorm_grad/tuple/control_dependency_2
150.0,4718592.0,gradients/addNunit_3/conv2
151.0,2097152.0,gradients/addNunit_3/conv1
152.0,16384.0,gradients/resnet_v2_200/block5/unit_3/bottleneck_v2/preact/FusedBatchNorm_grad/tuple/control_dependency_2
152.0,16384.0,gradients/resnet_v2_200/block5/unit_3/bottleneck_v2/preact/FusedBatchNorm_grad/tuple/control_dependency_1
153.0,16384.0,gradients/resnet_v2_200/block5/unit_2/bottleneck_v2/conv3/BiasAdd_grad/tuple/control_dependency_1
154.0,2097152.0,gradients/addNunit_2/conv3
156.0,4096.0,gradients/resnet_v2_200/block5/unit_2/bottleneck_v2/conv2/BatchNorm/FusedBatchNorm_grad/tuple/control_dependency_2
156.0,4096.0,gradients/resnet_v2_200/block5/unit_2/bottleneck_v2/conv2/BatchNorm/FusedBatchNorm_grad/tuple/control_dependency_1
157.0,4096.0,gradients/resnet_v2_200/block5/unit_2/bottleneck_v2/conv1/BatchNorm/FusedBatchNorm_grad/tuple/control_dependency_1
157.0,4096.0,gradients/resnet_v2_200/block5/unit_2/bottleneck_v2/conv1/BatchNorm/FusedBatchNorm_grad/tuple/control_dependency_2
157.0,4718592.0,gradients/addNunit_2/conv2
158.0,2097152.0,gradients/addNunit_2/conv1
159.0,16384.0,gradients/resnet_v2_200/block5/unit_2/bottleneck_v2/preact/FusedBatchNorm_grad/tuple/control_dependency_2
159.0,16384.0,gradients/resnet_v2_200/block5/unit_2/bottleneck_v2/preact/FusedBatchNorm_grad/tuple/control_dependency_1
160.0,16384.0,gradients/resnet_v2_200/block5/unit_1/bottleneck_v2/conv3/BiasAdd_grad/tuple/control_dependency_1
160.0,16384.0,gradients/resnet_v2_200/block5/unit_1/bottleneck_v2/shortcut/BiasAdd_grad/tuple/control_dependency_1
161.0,2097152.0,gradients/addNunit_1/conv3
161.0,4194304.0,gradients/addNunit_1/shortcut
163.0,4096.0,gradients/resnet_v2_200/block5/unit_1/bottleneck_v2/conv2/BatchNorm/FusedBatchNorm_grad/tuple/control_dependency_2
163.0,4096.0,gradients/resnet_v2_200/block5/unit_1/bottleneck_v2/conv2/BatchNorm/FusedBatchNorm_grad/tuple/control_dependency_1
164.0,4096.0,gradients/resnet_v2_200/block5/unit_1/bottleneck_v2/conv1/BatchNorm/FusedBatchNorm_grad/tuple/control_dependency_1
164.0,4096.0,gradients/resnet_v2_200/block5/unit_1/bottleneck_v2/conv1/BatchNorm/FusedBatchNorm_grad/tuple/control_dependency_2
164.0,4718592.0,gradients/addNunit_1/conv2
165.0,1048576.0,gradients/addNunit_1/conv1
166.0,8192.0,gradients/resnet_v2_200/block5/unit_1/bottleneck_v2/preact/FusedBatchNorm_grad/tuple/control_dependency_1
167.0,32032.0,gradients/resnet_v2_200/logits/BiasAdd_grad/tuple/control_dependency_1
167.0,65536.0,gradients/resnet_v2_200/postnorm/FusedBatchNorm_grad/tuple/control_dependency_2
167.0,65536.0,resnet_v2_200/postnorm/FusedBatchNorm
167.0,65536.0,gradients/resnet_v2_200/block4/unit_3/bottleneck_v2/conv3/BiasAdd_grad/tuple/control_dependency_1
167.0,65536.0,gradients/resnet_v2_200/postnorm/FusedBatchNorm_grad/tuple/control_dependency_1
167.0,65601536.0,gradients/AddN
167.0,8192.0,gradients/resnet_v2_200/block5/unit_1/bottleneck_v2/preact/FusedBatchNorm_grad/tuple/control_dependency_2
168.0,16384.0,gradients/resnet_v2_200/block4/unit_3/bottleneck_v2/conv2/BatchNorm/FusedBatchNorm_grad/tuple/control_dependency_2
168.0,16384.0,gradients/resnet_v2_200/block4/unit_3/bottleneck_v2/conv1/BatchNorm/FusedBatchNorm_grad/tuple/control_dependency_1
168.0,16384.0,gradients/resnet_v2_200/block4/unit_3/bottleneck_v2/conv2/BatchNorm/FusedBatchNorm_grad/tuple/control_dependency_1
168.0,16384.0,gradients/resnet_v2_200/block4/unit_3/bottleneck_v2/conv1/BatchNorm/FusedBatchNorm_grad/tuple/control_dependency_2
168.0,65536.0,gradients/resnet_v2_200/block4/unit_3/bottleneck_v2/preact/FusedBatchNorm_grad/tuple/control_dependency_2
168.0,65536.0,gradients/resnet_v2_200/block4/unit_2/bottleneck_v2/conv3/BiasAdd_grad/tuple/control_dependency_1
168.0,65536.0,gradients/resnet_v2_200/block4/unit_3/bottleneck_v2/preact/FusedBatchNorm_grad/tuple/control_dependency_1
168.0,33554432.0,gradients/AddN_1
168.0,33554432.0,gradients/AddN_5
168.0,33554432.0,gradients/AddN_3
168.0,75497472.0,gradients/AddN_2
169.0,16384.0,gradients/resnet_v2_200/block4/unit_1/bottleneck_v2/conv2/BatchNorm/FusedBatchNorm_grad/tuple/control_dependency_2
169.0,16384.0,gradients/resnet_v2_200/block4/unit_2/bottleneck_v2/conv2/BatchNorm/FusedBatchNorm_grad/tuple/control_dependency_2
169.0,16384.0,gradients/resnet_v2_200/block4/unit_2/bottleneck_v2/conv1/BatchNorm/FusedBatchNorm_grad/tuple/control_dependency_1
169.0,16384.0,gradients/resnet_v2_200/block4/unit_1/bottleneck_v2/conv2/BatchNorm/FusedBatchNorm_grad/tuple/control_dependency_1
169.0,16384.0,gradients/resnet_v2_200/block4/unit_2/bottleneck_v2/conv2/BatchNorm/FusedBatchNorm_grad/tuple/control_dependency_1
169.0,16384.0,gradients/resnet_v2_200/block4/unit_2/bottleneck_v2/conv1/BatchNorm/FusedBatchNorm_grad/tuple/control_dependency_2
169.0,65536.0,gradients/resnet_v2_200/block4/unit_2/bottleneck_v2/preact/FusedBatchNorm_grad/tuple/control_dependency_2
169.0,65536.0,gradients/resnet_v2_200/block4/unit_1/bottleneck_v2/conv3/BiasAdd_grad/tuple/control_dependency_1
169.0,65536.0,gradients/resnet_v2_200/block4/unit_1/bottleneck_v2/shortcut/BiasAdd_grad/tuple/control_dependency_1
169.0,65536.0,gradients/resnet_v2_200/block4/unit_2/bottleneck_v2/preact/FusedBatchNorm_grad/tuple/control_dependency_1
169.0,33554432.0,gradients/AddN_10
169.0,33554432.0,gradients/AddN_7
169.0,67108864.0,gradients/AddN_9
169.0,75497472.0,gradients/AddN_6
170.0,8192.0,gradients/resnet_v2_200/block3/unit_36/bottleneck_v2/conv2/BatchNorm/FusedBatchNorm_grad/tuple/control_dependency_1
170.0,8192.0,gradients/resnet_v2_200/block3/unit_36/bottleneck_v2/conv2/BatchNorm/FusedBatchNorm_grad/tuple/control_dependency_2
170.0,16384.0,gradients/resnet_v2_200/block4/unit_1/bottleneck_v2/conv1/BatchNorm/FusedBatchNorm_grad/tuple/control_dependency_1
170.0,16384.0,gradients/resnet_v2_200/block4/unit_1/bottleneck_v2/conv1/BatchNorm/FusedBatchNorm_grad/tuple/control_dependency_2
170.0,32768.0,gradients/resnet_v2_200/block3/unit_36/bottleneck_v2/conv3/BiasAdd_grad/tuple/control_dependency_1
170.0,32768.0,gradients/resnet_v2_200/block4/unit_1/bottleneck_v2/preact/FusedBatchNorm_grad/tuple/control_dependency_1
170.0,32768.0,gradients/resnet_v2_200/block4/unit_1/bottleneck_v2/preact/FusedBatchNorm_grad/tuple/control_dependency_2
170.0,8388608.0,gradients/AddN_14
170.0,16777216.0,gradients/AddN_13
170.0,18874368.0,gradients/AddN_15
170.0,75497472.0,gradients/AddN_11
171.0,8192.0,gradients/resnet_v2_200/block3/unit_35/bottleneck_v2/conv2/BatchNorm/FusedBatchNorm_grad/tuple/control_dependency_1
171.0,8192.0,gradients/resnet_v2_200/block3/unit_35/bottleneck_v2/conv1/BatchNorm/FusedBatchNorm_grad/tuple/control_dependency_2
171.0,8192.0,gradients/resnet_v2_200/block3/unit_36/bottleneck_v2/conv1/BatchNorm/FusedBatchNorm_grad/tuple/control_dependency_2
171.0,8192.0,gradients/resnet_v2_200/block3/unit_35/bottleneck_v2/conv2/BatchNorm/FusedBatchNorm_grad/tuple/control_dependency_2
171.0,8192.0,gradients/resnet_v2_200/block3/unit_35/bottleneck_v2/conv1/BatchNorm/FusedBatchNorm_grad/tuple/control_dependency_1
171.0,8192.0,gradients/resnet_v2_200/block3/unit_36/bottleneck_v2/conv1/BatchNorm/FusedBatchNorm_grad/tuple/control_dependency_1
171.0,32768.0,gradients/resnet_v2_200/block3/unit_35/bottleneck_v2/conv3/BiasAdd_grad/tuple/control_dependency_1
171.0,32768.0,gradients/resnet_v2_200/block3/unit_36/bottleneck_v2/preact/FusedBatchNorm_grad/tuple/control_dependency_1
171.0,32768.0,gradients/resnet_v2_200/block3/unit_36/bottleneck_v2/preact/FusedBatchNorm_grad/tuple/control_dependency_2
171.0,8388608.0,gradients/AddN_16
171.0,8388608.0,gradients/AddN_18
171.0,18874368.0,gradients/AddN_19
172.0,8192.0,gradients/resnet_v2_200/block3/unit_34/bottleneck_v2/conv2/BatchNorm/FusedBatchNorm_grad/tuple/control_dependency_1
172.0,8192.0,gradients/resnet_v2_200/block3/unit_34/bottleneck_v2/conv1/BatchNorm/FusedBatchNorm_grad/tuple/control_dependency_2
172.0,8192.0,gradients/resnet_v2_200/block3/unit_34/bottleneck_v2/conv2/BatchNorm/FusedBatchNorm_grad/tuple/control_dependency_2
172.0,8192.0,gradients/resnet_v2_200/block3/unit_34/bottleneck_v2/conv1/BatchNorm/FusedBatchNorm_grad/tuple/control_dependency_1
172.0,32768.0,gradients/resnet_v2_200/block3/unit_34/bottleneck_v2/conv3/BiasAdd_grad/tuple/control_dependency_1
172.0,32768.0,gradients/resnet_v2_200/block3/unit_34/bottleneck_v2/preact/FusedBatchNorm_grad/tuple/control_dependency_1
172.0,32768.0,gradients/resnet_v2_200/block3/unit_35/bottleneck_v2/preact/FusedBatchNorm_grad/tuple/control_dependency_1
172.0,32768.0,gradients/resnet_v2_200/block3/unit_34/bottleneck_v2/preact/FusedBatchNorm_grad/tuple/control_dependency_2
172.0,32768.0,gradients/resnet_v2_200/block3/unit_35/bottleneck_v2/preact/FusedBatchNorm_grad/tuple/control_dependency_2
172.0,8388608.0,gradients/AddN_20
172.0,8388608.0,gradients/AddN_24
172.0,8388608.0,gradients/AddN_22
172.0,18874368.0,gradients/AddN_23
173.0,8192.0,gradients/resnet_v2_200/block3/unit_33/bottleneck_v2/conv2/BatchNorm/FusedBatchNorm_grad/tuple/control_dependency_1
173.0,8192.0,gradients/resnet_v2_200/block3/unit_33/bottleneck_v2/conv1/BatchNorm/FusedBatchNorm_grad/tuple/control_dependency_2
173.0,8192.0,gradients/resnet_v2_200/block3/unit_33/bottleneck_v2/conv2/BatchNorm/FusedBatchNorm_grad/tuple/control_dependency_2
173.0,8192.0,gradients/resnet_v2_200/block3/unit_33/bottleneck_v2/conv1/BatchNorm/FusedBatchNorm_grad/tuple/control_dependency_1
173.0,32768.0,gradients/resnet_v2_200/block3/unit_32/bottleneck_v2/conv3/BiasAdd_grad/tuple/control_dependency_1
173.0,32768.0,gradients/resnet_v2_200/block3/unit_33/bottleneck_v2/conv3/BiasAdd_grad/tuple/control_dependency_1
173.0,32768.0,gradients/resnet_v2_200/block3/unit_33/bottleneck_v2/preact/FusedBatchNorm_grad/tuple/control_dependency_1
173.0,32768.0,gradients/resnet_v2_200/block3/unit_33/bottleneck_v2/preact/FusedBatchNorm_grad/tuple/control_dependency_2
173.0,8388608.0,gradients/AddN_28
173.0,8388608.0,gradients/AddN_26
173.0,18874368.0,gradients/AddN_27
174.0,8192.0,gradients/resnet_v2_200/block3/unit_32/bottleneck_v2/conv2/BatchNorm/FusedBatchNorm_grad/tuple/control_dependency_1
174.0,8192.0,gradients/resnet_v2_200/block3/unit_32/bottleneck_v2/conv1/BatchNorm/FusedBatchNorm_grad/tuple/control_dependency_2
174.0,8192.0,gradients/resnet_v2_200/block3/unit_32/bottleneck_v2/conv2/BatchNorm/FusedBatchNorm_grad/tuple/control_dependency_2
174.0,8192.0,gradients/resnet_v2_200/block3/unit_32/bottleneck_v2/conv1/BatchNorm/FusedBatchNorm_grad/tuple/control_dependency_1
174.0,32768.0,gradients/resnet_v2_200/block3/unit_31/bottleneck_v2/conv3/BiasAdd_grad/tuple/control_dependency_1
174.0,32768.0,gradients/resnet_v2_200/block3/unit_32/bottleneck_v2/preact/FusedBatchNorm_grad/tuple/control_dependency_1
174.0,32768.0,gradients/resnet_v2_200/block3/unit_32/bottleneck_v2/preact/FusedBatchNorm_grad/tuple/control_dependency_2
174.0,8388608.0,gradients/AddN_32
174.0,8388608.0,gradients/AddN_30
174.0,8388608.0,gradients/AddN_34
174.0,18874368.0,gradients/AddN_31
175.0,8192.0,gradients/resnet_v2_200/block3/unit_30/bottleneck_v2/conv2/BatchNorm/FusedBatchNorm_grad/tuple/control_dependency_1
175.0,8192.0,gradients/resnet_v2_200/block3/unit_31/bottleneck_v2/conv2/BatchNorm/FusedBatchNorm_grad/tuple/control_dependency_1
175.0,8192.0,gradients/resnet_v2_200/block3/unit_31/bottleneck_v2/conv1/BatchNorm/FusedBatchNorm_grad/tuple/control_dependency_2
175.0,8192.0,gradients/resnet_v2_200/block3/unit_31/bottleneck_v2/conv2/BatchNorm/FusedBatchNorm_grad/tuple/control_dependency_2
175.0,8192.0,gradients/resnet_v2_200/block3/unit_31/bottleneck_v2/conv1/BatchNorm/FusedBatchNorm_grad/tuple/control_dependency_1
175.0,32768.0,gradients/resnet_v2_200/block3/unit_30/bottleneck_v2/conv3/BiasAdd_grad/tuple/control_dependency_1
175.0,32768.0,gradients/resnet_v2_200/block3/unit_31/bottleneck_v2/preact/FusedBatchNorm_grad/tuple/control_dependency_1
175.0,32768.0,gradients/resnet_v2_200/block3/unit_31/bottleneck_v2/preact/FusedBatchNorm_grad/tuple/control_dependency_2
175.0,8388608.0,gradients/AddN_36
175.0,8388608.0,gradients/AddN_38
175.0,18874368.0,gradients/AddN_35
176.0,8192.0,gradients/resnet_v2_200/block3/unit_29/bottleneck_v2/conv2/BatchNorm/FusedBatchNorm_grad/tuple/control_dependency_1
176.0,8192.0,gradients/resnet_v2_200/block3/unit_30/bottleneck_v2/conv1/BatchNorm/FusedBatchNorm_grad/tuple/control_dependency_2
176.0,8192.0,gradients/resnet_v2_200/block3/unit_29/bottleneck_v2/conv2/BatchNorm/FusedBatchNorm_grad/tuple/control_dependency_2
176.0,8192.0,gradients/resnet_v2_200/block3/unit_30/bottleneck_v2/conv2/BatchNorm/FusedBatchNorm_grad/tuple/control_dependency_2
176.0,8192.0,gradients/resnet_v2_200/block3/unit_30/bottleneck_v2/conv1/BatchNorm/FusedBatchNorm_grad/tuple/control_dependency_1
176.0,32768.0,gradients/resnet_v2_200/block3/unit_29/bottleneck_v2/conv3/BiasAdd_grad/tuple/control_dependency_1
176.0,32768.0,gradients/resnet_v2_200/block3/unit_30/bottleneck_v2/preact/FusedBatchNorm_grad/tuple/control_dependency_1
176.0,32768.0,gradients/resnet_v2_200/block3/unit_30/bottleneck_v2/preact/FusedBatchNorm_grad/tuple/control_dependency_2
176.0,8388608.0,gradients/AddN_40
176.0,8388608.0,gradients/AddN_42
176.0,18874368.0,gradients/AddN_39
176.0,18874368.0,gradients/AddN_43
177.0,8192.0,gradients/resnet_v2_200/block3/unit_28/bottleneck_v2/conv2/BatchNorm/FusedBatchNorm_grad/tuple/control_dependency_1
177.0,8192.0,gradients/resnet_v2_200/block3/unit_28/bottleneck_v2/conv1/BatchNorm/FusedBatchNorm_grad/tuple/control_dependency_2
177.0,8192.0,gradients/resnet_v2_200/block3/unit_29/bottleneck_v2/conv1/BatchNorm/FusedBatchNorm_grad/tuple/control_dependency_2
177.0,8192.0,gradients/resnet_v2_200/block3/unit_28/bottleneck_v2/conv2/BatchNorm/FusedBatchNorm_grad/tuple/control_dependency_2
177.0,8192.0,gradients/resnet_v2_200/block3/unit_28/bottleneck_v2/conv1/BatchNorm/FusedBatchNorm_grad/tuple/control_dependency_1
177.0,8192.0,gradients/resnet_v2_200/block3/unit_29/bottleneck_v2/conv1/BatchNorm/FusedBatchNorm_grad/tuple/control_dependency_1
177.0,32768.0,gradients/resnet_v2_200/block3/unit_28/bottleneck_v2/conv3/BiasAdd_grad/tuple/control_dependency_1
177.0,32768.0,gradients/resnet_v2_200/block3/unit_29/bottleneck_v2/preact/FusedBatchNorm_grad/tuple/control_dependency_1
177.0,32768.0,gradients/resnet_v2_200/block3/unit_29/bottleneck_v2/preact/FusedBatchNorm_grad/tuple/control_dependency_2
177.0,8388608.0,gradients/AddN_44
177.0,8388608.0,gradients/AddN_46
177.0,18874368.0,gradients/AddN_47
178.0,8192.0,gradients/resnet_v2_200/block3/unit_27/bottleneck_v2/conv2/BatchNorm/FusedBatchNorm_grad/tuple/control_dependency_1
178.0,8192.0,gradients/resnet_v2_200/block3/unit_27/bottleneck_v2/conv1/BatchNorm/FusedBatchNorm_grad/tuple/control_dependency_2
178.0,8192.0,gradients/resnet_v2_200/block3/unit_27/bottleneck_v2/conv2/BatchNorm/FusedBatchNorm_grad/tuple/control_dependency_2
178.0,8192.0,gradients/resnet_v2_200/block3/unit_27/bottleneck_v2/conv1/BatchNorm/FusedBatchNorm_grad/tuple/control_dependency_1
178.0,32768.0,gradients/resnet_v2_200/block3/unit_27/bottleneck_v2/conv3/BiasAdd_grad/tuple/control_dependency_1
178.0,32768.0,gradients/resnet_v2_200/block3/unit_28/bottleneck_v2/preact/FusedBatchNorm_grad/tuple/control_dependency_1
178.0,32768.0,gradients/resnet_v2_200/block3/unit_28/bottleneck_v2/preact/FusedBatchNorm_grad/tuple/control_dependency_2
178.0,8388608.0,gradients/AddN_48
178.0,8388608.0,gradients/AddN_50
178.0,18874368.0,gradients/AddN_51
179.0,8192.0,gradients/resnet_v2_200/block3/unit_26/bottleneck_v2/conv2/BatchNorm/FusedBatchNorm_grad/tuple/control_dependency_1
179.0,8192.0,gradients/resnet_v2_200/block3/unit_26/bottleneck_v2/conv1/BatchNorm/FusedBatchNorm_grad/tuple/control_dependency_2
179.0,8192.0,gradients/resnet_v2_200/block3/unit_26/bottleneck_v2/conv2/BatchNorm/FusedBatchNorm_grad/tuple/control_dependency_2
179.0,8192.0,gradients/resnet_v2_200/block3/unit_26/bottleneck_v2/conv1/BatchNorm/FusedBatchNorm_grad/tuple/control_dependency_1
179.0,32768.0,gradients/resnet_v2_200/block3/unit_26/bottleneck_v2/conv3/BiasAdd_grad/tuple/control_dependency_1
179.0,32768.0,gradients/resnet_v2_200/block3/unit_27/bottleneck_v2/preact/FusedBatchNorm_grad/tuple/control_dependency_1
179.0,32768.0,gradients/resnet_v2_200/block3/unit_27/bottleneck_v2/preact/FusedBatchNorm_grad/tuple/control_dependency_2
179.0,8388608.0,gradients/AddN_52
179.0,8388608.0,gradients/AddN_56
179.0,8388608.0,gradients/AddN_54
179.0,18874368.0,gradients/AddN_55
180.0,8192.0,gradients/resnet_v2_200/block3/unit_25/bottleneck_v2/conv2/BatchNorm/FusedBatchNorm_grad/tuple/control_dependency_1
180.0,8192.0,gradients/resnet_v2_200/block3/unit_25/bottleneck_v2/conv1/BatchNorm/FusedBatchNorm_grad/tuple/control_dependency_2
180.0,8192.0,gradients/resnet_v2_200/block3/unit_25/bottleneck_v2/conv2/BatchNorm/FusedBatchNorm_grad/tuple/control_dependency_2
180.0,8192.0,gradients/resnet_v2_200/block3/unit_25/bottleneck_v2/conv1/BatchNorm/FusedBatchNorm_grad/tuple/control_dependency_1
180.0,32768.0,gradients/resnet_v2_200/block3/unit_25/bottleneck_v2/conv3/BiasAdd_grad/tuple/control_dependency_1
180.0,32768.0,gradients/resnet_v2_200/block3/unit_25/bottleneck_v2/preact/FusedBatchNorm_grad/tuple/control_dependency_1
180.0,32768.0,gradients/resnet_v2_200/block3/unit_26/bottleneck_v2/preact/FusedBatchNorm_grad/tuple/control_dependency_1
180.0,32768.0,gradients/resnet_v2_200/block3/unit_26/bottleneck_v2/preact/FusedBatchNorm_grad/tuple/control_dependency_2
180.0,8388608.0,gradients/AddN_60
180.0,8388608.0,gradients/AddN_58
180.0,18874368.0,gradients/AddN_59
181.0,8192.0,gradients/resnet_v2_200/block3/unit_24/bottleneck_v2/conv2/BatchNorm/FusedBatchNorm_grad/tuple/control_dependency_1
181.0,8192.0,gradients/resnet_v2_200/block3/unit_24/bottleneck_v2/conv1/BatchNorm/FusedBatchNorm_grad/tuple/control_dependency_2
181.0,8192.0,gradients/resnet_v2_200/block3/unit_24/bottleneck_v2/conv2/BatchNorm/FusedBatchNorm_grad/tuple/control_dependency_2
181.0,8192.0,gradients/resnet_v2_200/block3/unit_24/bottleneck_v2/conv1/BatchNorm/FusedBatchNorm_grad/tuple/control_dependency_1
181.0,32768.0,gradients/resnet_v2_200/block3/unit_24/bottleneck_v2/conv3/BiasAdd_grad/tuple/control_dependency_1
181.0,32768.0,gradients/resnet_v2_200/block3/unit_24/bottleneck_v2/preact/FusedBatchNorm_grad/tuple/control_dependency_1
181.0,32768.0,gradients/resnet_v2_200/block3/unit_25/bottleneck_v2/preact/FusedBatchNorm_grad/tuple/control_dependency_2
181.0,8388608.0,gradients/AddN_64
181.0,8388608.0,gradients/AddN_62
181.0,18874368.0,gradients/AddN_63
182.0,8192.0,gradients/resnet_v2_200/block3/unit_23/bottleneck_v2/conv2/BatchNorm/FusedBatchNorm_grad/tuple/control_dependency_1
182.0,8192.0,gradients/resnet_v2_200/block3/unit_23/bottleneck_v2/conv1/BatchNorm/FusedBatchNorm_grad/tuple/control_dependency_2
182.0,8192.0,gradients/resnet_v2_200/block3/unit_23/bottleneck_v2/conv2/BatchNorm/FusedBatchNorm_grad/tuple/control_dependency_2
182.0,8192.0,gradients/resnet_v2_200/block3/unit_23/bottleneck_v2/conv1/BatchNorm/FusedBatchNorm_grad/tuple/control_dependency_1
182.0,32768.0,gradients/resnet_v2_200/block3/unit_23/bottleneck_v2/conv3/BiasAdd_grad/tuple/control_dependency_1
182.0,32768.0,gradients/resnet_v2_200/block3/unit_23/bottleneck_v2/preact/FusedBatchNorm_grad/tuple/control_dependency_1
182.0,32768.0,gradients/resnet_v2_200/block3/unit_24/bottleneck_v2/preact/FusedBatchNorm_grad/tuple/control_dependency_2
182.0,8388608.0,gradients/AddN_68
182.0,8388608.0,gradients/AddN_66
182.0,18874368.0,gradients/AddN_67
183.0,8192.0,gradients/resnet_v2_200/block3/unit_22/bottleneck_v2/conv2/BatchNorm/FusedBatchNorm_grad/tuple/control_dependency_1
183.0,8192.0,gradients/resnet_v2_200/block3/unit_22/bottleneck_v2/conv1/BatchNorm/FusedBatchNorm_grad/tuple/control_dependency_2
183.0,8192.0,gradients/resnet_v2_200/block3/unit_22/bottleneck_v2/conv2/BatchNorm/FusedBatchNorm_grad/tuple/control_dependency_2
183.0,8192.0,gradients/resnet_v2_200/block3/unit_22/bottleneck_v2/conv1/BatchNorm/FusedBatchNorm_grad/tuple/control_dependency_1
183.0,32768.0,gradients/resnet_v2_200/block3/unit_22/bottleneck_v2/conv3/BiasAdd_grad/tuple/control_dependency_1
183.0,32768.0,gradients/resnet_v2_200/block3/unit_23/bottleneck_v2/preact/FusedBatchNorm_grad/tuple/control_dependency_2
183.0,8388608.0,gradients/AddN_72
183.0,8388608.0,gradients/AddN_70
183.0,18874368.0,gradients/AddN_71
184.0,8192.0,gradients/resnet_v2_200/block3/unit_21/bottleneck_v2/conv2/BatchNorm/FusedBatchNorm_grad/tuple/control_dependency_1
184.0,8192.0,gradients/resnet_v2_200/block3/unit_21/bottleneck_v2/conv1/BatchNorm/FusedBatchNorm_grad/tuple/control_dependency_2
184.0,8192.0,gradients/resnet_v2_200/block3/unit_21/bottleneck_v2/conv2/BatchNorm/FusedBatchNorm_grad/tuple/control_dependency_2
184.0,8192.0,gradients/resnet_v2_200/block3/unit_21/bottleneck_v2/conv1/BatchNorm/FusedBatchNorm_grad/tuple/control_dependency_1
184.0,32768.0,gradients/resnet_v2_200/block3/unit_21/bottleneck_v2/conv3/BiasAdd_grad/tuple/control_dependency_1
184.0,32768.0,gradients/resnet_v2_200/block3/unit_22/bottleneck_v2/preact/FusedBatchNorm_grad/tuple/control_dependency_1
184.0,32768.0,gradients/resnet_v2_200/block3/unit_22/bottleneck_v2/preact/FusedBatchNorm_grad/tuple/control_dependency_2
184.0,8388608.0,gradients/AddN_74
184.0,18874368.0,gradients/AddN_75
185.0,8192.0,gradients/resnet_v2_200/block3/unit_20/bottleneck_v2/conv2/BatchNorm/FusedBatchNorm_grad/tuple/control_dependency_1
185.0,8192.0,gradients/resnet_v2_200/block3/unit_20/bottleneck_v2/conv2/BatchNorm/FusedBatchNorm_grad/tuple/control_dependency_2
185.0,32768.0,gradients/resnet_v2_200/block3/unit_20/bottleneck_v2/conv3/BiasAdd_grad/tuple/control_dependency_1
185.0,32768.0,gradients/resnet_v2_200/block3/unit_21/bottleneck_v2/preact/FusedBatchNorm_grad/tuple/control_dependency_1
185.0,32768.0,gradients/resnet_v2_200/block3/unit_21/bottleneck_v2/preact/FusedBatchNorm_grad/tuple/control_dependency_2
185.0,8388608.0,gradients/AddN_76
185.0,8388608.0,gradients/AddN_78
185.0,18874368.0,gradients/AddN_79
186.0,8192.0,gradients/resnet_v2_200/block3/unit_19/bottleneck_v2/conv2/BatchNorm/FusedBatchNorm_grad/tuple/control_dependency_1
186.0,8192.0,gradients/resnet_v2_200/block3/unit_20/bottleneck_v2/conv1/BatchNorm/FusedBatchNorm_grad/tuple/control_dependency_2
186.0,8192.0,gradients/resnet_v2_200/block3/unit_20/bottleneck_v2/conv1/BatchNorm/FusedBatchNorm_grad/tuple/control_dependency_1
186.0,32768.0,gradients/resnet_v2_200/block3/unit_19/bottleneck_v2/conv3/BiasAdd_grad/tuple/control_dependency_1
186.0,32768.0,gradients/resnet_v2_200/block3/unit_20/bottleneck_v2/preact/FusedBatchNorm_grad/tuple/control_dependency_1
186.0,32768.0,gradients/resnet_v2_200/block3/unit_20/bottleneck_v2/preact/FusedBatchNorm_grad/tuple/control_dependency_2
186.0,8388608.0,gradients/AddN_80
186.0,8388608.0,gradients/AddN_82
187.0,8192.0,gradients/resnet_v2_200/block3/unit_19/bottleneck_v2/conv1/BatchNorm/FusedBatchNorm_grad/tuple/control_dependency_2
187.0,8192.0,gradients/resnet_v2_200/block3/unit_19/bottleneck_v2/conv2/BatchNorm/FusedBatchNorm_grad/tuple/control_dependency_2
187.0,8192.0,gradients/resnet_v2_200/block3/unit_19/bottleneck_v2/conv1/BatchNorm/FusedBatchNorm_grad/tuple/control_dependency_1
187.0,32768.0,gradients/resnet_v2_200/block3/unit_19/bottleneck_v2/preact/FusedBatchNorm_grad/tuple/control_dependency_1
187.0,32768.0,gradients/resnet_v2_200/block3/unit_19/bottleneck_v2/preact/FusedBatchNorm_grad/tuple/control_dependency_2
187.0,8388608.0,gradients/AddN_84
187.0,18874368.0,gradients/AddN_83
188.0,8192.0,gradients/resnet_v2_200/block3/unit_18/bottleneck_v2/conv2/BatchNorm/FusedBatchNorm_grad/tuple/control_dependency_1
188.0,8192.0,gradients/resnet_v2_200/block3/unit_18/bottleneck_v2/conv2/BatchNorm/FusedBatchNorm_grad/tuple/control_dependency_2
188.0,32768.0,gradients/resnet_v2_200/block3/unit_18/bottleneck_v2/conv3/BiasAdd_grad/tuple/control_dependency_1
188.0,8388608.0,gradients/AddN_86
188.0,18874368.0,gradients/AddN_87
189.0,8192.0,gradients/resnet_v2_200/block3/unit_17/bottleneck_v2/conv2/BatchNorm/FusedBatchNorm_grad/tuple/control_dependency_1
189.0,8192.0,gradients/resnet_v2_200/block3/unit_18/bottleneck_v2/conv1/BatchNorm/FusedBatchNorm_grad/tuple/control_dependency_2
189.0,8192.0,gradients/resnet_v2_200/block3/unit_18/bottleneck_v2/conv1/BatchNorm/FusedBatchNorm_grad/tuple/control_dependency_1
189.0,32768.0,gradients/resnet_v2_200/block3/unit_17/bottleneck_v2/conv3/BiasAdd_grad/tuple/control_dependency_1
189.0,32768.0,gradients/resnet_v2_200/block3/unit_18/bottleneck_v2/preact/FusedBatchNorm_grad/tuple/control_dependency_1
189.0,32768.0,gradients/resnet_v2_200/block3/unit_18/bottleneck_v2/preact/FusedBatchNorm_grad/tuple/control_dependency_2
189.0,8388608.0,gradients/AddN_88
189.0,8388608.0,gradients/AddN_90
190.0,8192.0,gradients/resnet_v2_200/block3/unit_17/bottleneck_v2/conv1/BatchNorm/FusedBatchNorm_grad/tuple/control_dependency_2
190.0,8192.0,gradients/resnet_v2_200/block3/unit_17/bottleneck_v2/conv2/BatchNorm/FusedBatchNorm_grad/tuple/control_dependency_2
190.0,8192.0,gradients/resnet_v2_200/block3/unit_17/bottleneck_v2/conv1/BatchNorm/FusedBatchNorm_grad/tuple/control_dependency_1
190.0,32768.0,gradients/resnet_v2_200/block3/unit_16/bottleneck_v2/conv3/BiasAdd_grad/tuple/control_dependency_1
190.0,32768.0,gradients/resnet_v2_200/block3/unit_17/bottleneck_v2/preact/FusedBatchNorm_grad/tuple/control_dependency_1
190.0,32768.0,gradients/resnet_v2_200/block3/unit_17/bottleneck_v2/preact/FusedBatchNorm_grad/tuple/control_dependency_2
190.0,8388608.0,gradients/AddN_92
190.0,18874368.0,gradients/AddN_91
191.0,8192.0,gradients/resnet_v2_200/block3/unit_16/bottleneck_v2/conv2/BatchNorm/FusedBatchNorm_grad/tuple/control_dependency_1
191.0,8192.0,gradients/resnet_v2_200/block3/unit_16/bottleneck_v2/conv1/BatchNorm/FusedBatchNorm_grad/tuple/control_dependency_2
191.0,8192.0,gradients/resnet_v2_200/block3/unit_16/bottleneck_v2/conv2/BatchNorm/FusedBatchNorm_grad/tuple/control_dependency_2
191.0,8192.0,gradients/resnet_v2_200/block3/unit_16/bottleneck_v2/conv1/BatchNorm/FusedBatchNorm_grad/tuple/control_dependency_1
191.0,32768.0,gradients/resnet_v2_200/block3/unit_16/bottleneck_v2/preact/FusedBatchNorm_grad/tuple/control_dependency_1
191.0,32768.0,gradients/resnet_v2_200/block3/unit_16/bottleneck_v2/preact/FusedBatchNorm_grad/tuple/control_dependency_2
191.0,8388608.0,gradients/AddN_96
191.0,8388608.0,gradients/AddN_94
191.0,18874368.0,gradients/AddN_95
192.0,8192.0,gradients/resnet_v2_200/block3/unit_15/bottleneck_v2/conv2/BatchNorm/FusedBatchNorm_grad/tuple/control_dependency_1
192.0,8192.0,gradients/resnet_v2_200/block3/unit_15/bottleneck_v2/conv1/BatchNorm/FusedBatchNorm_grad/tuple/control_dependency_2
192.0,8192.0,gradients/resnet_v2_200/block3/unit_15/bottleneck_v2/conv2/BatchNorm/FusedBatchNorm_grad/tuple/control_dependency_2
192.0,8192.0,gradients/resnet_v2_200/block3/unit_15/bottleneck_v2/conv1/BatchNorm/FusedBatchNorm_grad/tuple/control_dependency_1
192.0,32768.0,gradients/resnet_v2_200/block3/unit_15/bottleneck_v2/conv3/BiasAdd_grad/tuple/control_dependency_1
192.0,8388608.0,gradients/AddN_98
192.0,18874368.0,gradients/AddN_99
193.0,32768.0,gradients/resnet_v2_200/block3/unit_14/bottleneck_v2/conv3/BiasAdd_grad/tuple/control_dependency_1
193.0,32768.0,gradients/resnet_v2_200/block3/unit_15/bottleneck_v2/preact/FusedBatchNorm_grad/tuple/control_dependency_1
193.0,32768.0,gradients/resnet_v2_200/block3/unit_15/bottleneck_v2/preact/FusedBatchNorm_grad/tuple/control_dependency_2
193.0,8388608.0,gradients/AddN_100
193.0,8388608.0,gradients/AddN_102
194.0,8192.0,gradients/resnet_v2_200/block3/unit_14/bottleneck_v2/conv2/BatchNorm/FusedBatchNorm_grad/tuple/control_dependency_1
194.0,8192.0,gradients/resnet_v2_200/block3/unit_14/bottleneck_v2/conv1/BatchNorm/FusedBatchNorm_grad/tuple/control_dependency_2
194.0,8192.0,gradients/resnet_v2_200/block3/unit_14/bottleneck_v2/conv2/BatchNorm/FusedBatchNorm_grad/tuple/control_dependency_2
194.0,8192.0,gradients/resnet_v2_200/block3/unit_14/bottleneck_v2/conv1/BatchNorm/FusedBatchNorm_grad/tuple/control_dependency_1
194.0,32768.0,gradients/resnet_v2_200/block3/unit_13/bottleneck_v2/conv3/BiasAdd_grad/tuple/control_dependency_1
194.0,32768.0,gradients/resnet_v2_200/block3/unit_14/bottleneck_v2/preact/FusedBatchNorm_grad/tuple/control_dependency_1
194.0,32768.0,gradients/resnet_v2_200/block3/unit_14/bottleneck_v2/preact/FusedBatchNorm_grad/tuple/control_dependency_2
194.0,8388608.0,gradients/AddN_104
194.0,18874368.0,gradients/AddN_103
195.0,8192.0,gradients/resnet_v2_200/block3/unit_13/bottleneck_v2/conv2/BatchNorm/FusedBatchNorm_grad/tuple/control_dependency_1
195.0,8192.0,gradients/resnet_v2_200/block3/unit_13/bottleneck_v2/conv2/BatchNorm/FusedBatchNorm_grad/tuple/control_dependency_2
195.0,8388608.0,gradients/AddN_106
195.0,18874368.0,gradients/AddN_107
196.0,8192.0,gradients/resnet_v2_200/block3/unit_13/bottleneck_v2/conv1/BatchNorm/FusedBatchNorm_grad/tuple/control_dependency_2
196.0,8192.0,gradients/resnet_v2_200/block3/unit_13/bottleneck_v2/conv1/BatchNorm/FusedBatchNorm_grad/tuple/control_dependency_1
196.0,32768.0,gradients/resnet_v2_200/block3/unit_13/bottleneck_v2/preact/FusedBatchNorm_grad/tuple/control_dependency_1
196.0,32768.0,gradients/resnet_v2_200/block3/unit_13/bottleneck_v2/preact/FusedBatchNorm_grad/tuple/control_dependency_2
196.0,8388608.0,gradients/AddN_108
197.0,8192.0,gradients/resnet_v2_200/block3/unit_12/bottleneck_v2/conv2/BatchNorm/FusedBatchNorm_grad/tuple/control_dependency_1
197.0,8192.0,gradients/resnet_v2_200/block3/unit_12/bottleneck_v2/conv2/BatchNorm/FusedBatchNorm_grad/tuple/control_dependency_2
197.0,32768.0,gradients/resnet_v2_200/block3/unit_12/bottleneck_v2/conv3/BiasAdd_grad/tuple/control_dependency_1
197.0,8388608.0,gradients/AddN_110
198.0,8192.0,gradients/resnet_v2_200/block3/unit_12/bottleneck_v2/conv1/BatchNorm/FusedBatchNorm_grad/tuple/control_dependency_2
198.0,8192.0,gradients/resnet_v2_200/block3/unit_12/bottleneck_v2/conv1/BatchNorm/FusedBatchNorm_grad/tuple/control_dependency_1
198.0,32768.0,gradients/resnet_v2_200/block3/unit_11/bottleneck_v2/conv3/BiasAdd_grad/tuple/control_dependency_1
198.0,32768.0,gradients/resnet_v2_200/block3/unit_12/bottleneck_v2/preact/FusedBatchNorm_grad/tuple/control_dependency_1
198.0,32768.0,gradients/resnet_v2_200/block3/unit_12/bottleneck_v2/preact/FusedBatchNorm_grad/tuple/control_dependency_2
198.0,8388608.0,gradients/AddN_112
198.0,18874368.0,gradients/AddN_111
199.0,8192.0,gradients/resnet_v2_200/block3/unit_11/bottleneck_v2/conv2/BatchNorm/FusedBatchNorm_grad/tuple/control_dependency_1
199.0,8192.0,gradients/resnet_v2_200/block3/unit_11/bottleneck_v2/conv1/BatchNorm/FusedBatchNorm_grad/tuple/control_dependency_2
199.0,8192.0,gradients/resnet_v2_200/block3/unit_11/bottleneck_v2/conv2/BatchNorm/FusedBatchNorm_grad/tuple/control_dependency_2
199.0,8192.0,gradients/resnet_v2_200/block3/unit_11/bottleneck_v2/conv1/BatchNorm/FusedBatchNorm_grad/tuple/control_dependency_1
199.0,8388608.0,gradients/AddN_114
199.0,18874368.0,gradients/AddN_115
200.0,8192.0,gradients/resnet_v2_200/block3/unit_10/bottleneck_v2/conv2/BatchNorm/FusedBatchNorm_grad/tuple/control_dependency_1
200.0,32768.0,gradients/resnet_v2_200/block3/unit_10/bottleneck_v2/conv3/BiasAdd_grad/tuple/control_dependency_1
200.0,32768.0,gradients/resnet_v2_200/block3/unit_11/bottleneck_v2/preact/FusedBatchNorm_grad/tuple/control_dependency_1
200.0,32768.0,gradients/resnet_v2_200/block3/unit_11/bottleneck_v2/preact/FusedBatchNorm_grad/tuple/control_dependency_2
200.0,8388608.0,gradients/AddN_116
200.0,8388608.0,gradients/AddN_118
201.0,8192.0,gradients/resnet_v2_200/block3/unit_10/bottleneck_v2/conv1/BatchNorm/FusedBatchNorm_grad/tuple/control_dependency_2
201.0,8192.0,gradients/resnet_v2_200/block3/unit_10/bottleneck_v2/conv2/BatchNorm/FusedBatchNorm_grad/tuple/control_dependency_2
201.0,8192.0,gradients/resnet_v2_200/block3/unit_10/bottleneck_v2/conv1/BatchNorm/FusedBatchNorm_grad/tuple/control_dependency_1
201.0,18874368.0,gradients/AddN_119
202.0,32768.0,gradients/resnet_v2_200/block3/unit_9/bottleneck_v2/conv3/BiasAdd_grad/tuple/control_dependency_1
202.0,32768.0,gradients/resnet_v2_200/block3/unit_10/bottleneck_v2/preact/FusedBatchNorm_grad/tuple/control_dependency_1
202.0,32768.0,gradients/resnet_v2_200/block3/unit_10/bottleneck_v2/preact/FusedBatchNorm_grad/tuple/control_dependency_2
202.0,8388608.0,gradients/AddN_120
206.0,8388608.0,gradients/AddN_122
209.0,8192.0,gradients/resnet_v2_200/block3/unit_9/bottleneck_v2/conv2/BatchNorm/FusedBatchNorm_grad/tuple/control_dependency_1
209.0,8192.0,gradients/resnet_v2_200/block3/unit_9/bottleneck_v2/conv2/BatchNorm/FusedBatchNorm_grad/tuple/control_dependency_2
211.0,8192.0,gradients/resnet_v2_200/block3/unit_9/bottleneck_v2/conv1/BatchNorm/FusedBatchNorm_grad/tuple/control_dependency_2
211.0,8192.0,gradients/resnet_v2_200/block3/unit_9/bottleneck_v2/conv1/BatchNorm/FusedBatchNorm_grad/tuple/control_dependency_1
211.0,8388608.0,gradients/AddN_124
211.0,18874368.0,gradients/AddN_123
212.0,32768.0,gradients/resnet_v2_200/block3/unit_8/bottleneck_v2/conv3/BiasAdd_grad/tuple/control_dependency_1
212.0,32768.0,gradients/resnet_v2_200/block3/unit_9/bottleneck_v2/preact/FusedBatchNorm_grad/tuple/control_dependency_1
212.0,32768.0,gradients/resnet_v2_200/block3/unit_9/bottleneck_v2/preact/FusedBatchNorm_grad/tuple/control_dependency_2
212.0,8388608.0,gradients/AddN_126
214.0,8192.0,gradients/resnet_v2_200/block3/unit_8/bottleneck_v2/conv2/BatchNorm/FusedBatchNorm_grad/tuple/control_dependency_1
214.0,8192.0,gradients/resnet_v2_200/block3/unit_8/bottleneck_v2/conv2/BatchNorm/FusedBatchNorm_grad/tuple/control_dependency_2
214.0,8192.0,gradients/resnet_v2_200/block3/unit_8/bottleneck_v2/conv1/BatchNorm/FusedBatchNorm_grad/tuple/control_dependency_1
214.0,18874368.0,gradients/AddN_127
215.0,8192.0,gradients/resnet_v2_200/block3/unit_8/bottleneck_v2/conv1/BatchNorm/FusedBatchNorm_grad/tuple/control_dependency_2
215.0,32768.0,gradients/resnet_v2_200/block3/unit_7/bottleneck_v2/conv3/BiasAdd_grad/tuple/control_dependency_1
215.0,32768.0,gradients/resnet_v2_200/block3/unit_8/bottleneck_v2/preact/FusedBatchNorm_grad/tuple/control_dependency_1
215.0,32768.0,gradients/resnet_v2_200/block3/unit_8/bottleneck_v2/preact/FusedBatchNorm_grad/tuple/control_dependency_2
215.0,8388608.0,gradients/AddN_128
217.0,8388608.0,gradients/AddN_130
220.0,8192.0,gradients/resnet_v2_200/block3/unit_7/bottleneck_v2/conv2/BatchNorm/FusedBatchNorm_grad/tuple/control_dependency_1
220.0,8192.0,gradients/resnet_v2_200/block3/unit_7/bottleneck_v2/conv2/BatchNorm/FusedBatchNorm_grad/tuple/control_dependency_2
221.0,8192.0,gradients/resnet_v2_200/block3/unit_7/bottleneck_v2/conv1/BatchNorm/FusedBatchNorm_grad/tuple/control_dependency_2
221.0,8192.0,gradients/resnet_v2_200/block3/unit_7/bottleneck_v2/conv1/BatchNorm/FusedBatchNorm_grad/tuple/control_dependency_1
221.0,18874368.0,gradients/AddN_131
222.0,32768.0,gradients/resnet_v2_200/block3/unit_7/bottleneck_v2/preact/FusedBatchNorm_grad/tuple/control_dependency_1
222.0,32768.0,gradients/resnet_v2_200/block3/unit_7/bottleneck_v2/preact/FusedBatchNorm_grad/tuple/control_dependency_2
222.0,8388608.0,gradients/AddN_132
223.0,32768.0,gradients/resnet_v2_200/block3/unit_6/bottleneck_v2/conv3/BiasAdd_grad/tuple/control_dependency_1
224.0,8388608.0,gradients/AddN_134
227.0,8192.0,gradients/resnet_v2_200/block3/unit_6/bottleneck_v2/conv2/BatchNorm/FusedBatchNorm_grad/tuple/control_dependency_1
227.0,8192.0,gradients/resnet_v2_200/block3/unit_6/bottleneck_v2/conv2/BatchNorm/FusedBatchNorm_grad/tuple/control_dependency_2
227.0,18874368.0,gradients/AddN_135
228.0,8192.0,gradients/resnet_v2_200/block3/unit_6/bottleneck_v2/conv1/BatchNorm/FusedBatchNorm_grad/tuple/control_dependency_2
228.0,8192.0,gradients/resnet_v2_200/block3/unit_6/bottleneck_v2/conv1/BatchNorm/FusedBatchNorm_grad/tuple/control_dependency_1
229.0,32768.0,gradients/resnet_v2_200/block3/unit_5/bottleneck_v2/conv3/BiasAdd_grad/tuple/control_dependency_1
229.0,32768.0,gradients/resnet_v2_200/block3/unit_6/bottleneck_v2/preact/FusedBatchNorm_grad/tuple/control_dependency_1
229.0,32768.0,gradients/resnet_v2_200/block3/unit_6/bottleneck_v2/preact/FusedBatchNorm_grad/tuple/control_dependency_2
229.0,8388608.0,gradients/AddN_136
231.0,8388608.0,gradients/AddN_138
234.0,8192.0,gradients/resnet_v2_200/block3/unit_5/bottleneck_v2/conv2/BatchNorm/FusedBatchNorm_grad/tuple/control_dependency_1
234.0,8192.0,gradients/resnet_v2_200/block3/unit_5/bottleneck_v2/conv2/BatchNorm/FusedBatchNorm_grad/tuple/control_dependency_2
234.0,18874368.0,gradients/AddN_139
235.0,8192.0,gradients/resnet_v2_200/block3/unit_5/bottleneck_v2/conv1/BatchNorm/FusedBatchNorm_grad/tuple/control_dependency_2
235.0,8192.0,gradients/resnet_v2_200/block3/unit_5/bottleneck_v2/conv1/BatchNorm/FusedBatchNorm_grad/tuple/control_dependency_1
236.0,32768.0,gradients/resnet_v2_200/block3/unit_4/bottleneck_v2/conv3/BiasAdd_grad/tuple/control_dependency_1
236.0,32768.0,gradients/resnet_v2_200/block3/unit_5/bottleneck_v2/preact/FusedBatchNorm_grad/tuple/control_dependency_1
236.0,32768.0,gradients/resnet_v2_200/block3/unit_5/bottleneck_v2/preact/FusedBatchNorm_grad/tuple/control_dependency_2
236.0,8388608.0,gradients/AddN_140
238.0,8388608.0,gradients/AddN_142
241.0,8192.0,gradients/resnet_v2_200/block3/unit_4/bottleneck_v2/conv2/BatchNorm/FusedBatchNorm_grad/tuple/control_dependency_1
241.0,8192.0,gradients/resnet_v2_200/block3/unit_4/bottleneck_v2/conv2/BatchNorm/FusedBatchNorm_grad/tuple/control_dependency_2
241.0,18874368.0,gradients/AddN_143
242.0,8192.0,gradients/resnet_v2_200/block3/unit_4/bottleneck_v2/conv1/BatchNorm/FusedBatchNorm_grad/tuple/control_dependency_2
242.0,8192.0,gradients/resnet_v2_200/block3/unit_4/bottleneck_v2/conv1/BatchNorm/FusedBatchNorm_grad/tuple/control_dependency_1
243.0,32768.0,gradients/resnet_v2_200/block3/unit_3/bottleneck_v2/conv3/BiasAdd_grad/tuple/control_dependency_1
243.0,32768.0,gradients/resnet_v2_200/block3/unit_4/bottleneck_v2/preact/FusedBatchNorm_grad/tuple/control_dependency_1
243.0,32768.0,gradients/resnet_v2_200/block3/unit_4/bottleneck_v2/preact/FusedBatchNorm_grad/tuple/control_dependency_2
243.0,8388608.0,gradients/AddN_144
245.0,8388608.0,gradients/AddN_146
248.0,8192.0,gradients/resnet_v2_200/block3/unit_3/bottleneck_v2/conv2/BatchNorm/FusedBatchNorm_grad/tuple/control_dependency_1
248.0,8192.0,gradients/resnet_v2_200/block3/unit_3/bottleneck_v2/conv2/BatchNorm/FusedBatchNorm_grad/tuple/control_dependency_2
248.0,18874368.0,gradients/AddN_147
249.0,8192.0,gradients/resnet_v2_200/block3/unit_3/bottleneck_v2/conv1/BatchNorm/FusedBatchNorm_grad/tuple/control_dependency_2
249.0,8192.0,gradients/resnet_v2_200/block3/unit_3/bottleneck_v2/conv1/BatchNorm/FusedBatchNorm_grad/tuple/control_dependency_1
250.0,32768.0,gradients/resnet_v2_200/block3/unit_2/bottleneck_v2/conv3/BiasAdd_grad/tuple/control_dependency_1
250.0,32768.0,gradients/resnet_v2_200/block3/unit_3/bottleneck_v2/preact/FusedBatchNorm_grad/tuple/control_dependency_1
250.0,32768.0,gradients/resnet_v2_200/block3/unit_3/bottleneck_v2/preact/FusedBatchNorm_grad/tuple/control_dependency_2
250.0,8388608.0,gradients/AddN_148
252.0,8388608.0,gradients/AddN_150
254.0,8192.0,gradients/resnet_v2_200/block3/unit_2/bottleneck_v2/conv2/BatchNorm/FusedBatchNorm_grad/tuple/control_dependency_1
255.0,8192.0,gradients/resnet_v2_200/block3/unit_2/bottleneck_v2/conv2/BatchNorm/FusedBatchNorm_grad/tuple/control_dependency_2
255.0,18874368.0,gradients/AddN_151
256.0,8192.0,gradients/resnet_v2_200/block3/unit_2/bottleneck_v2/conv1/BatchNorm/FusedBatchNorm_grad/tuple/control_dependency_2
256.0,8192.0,gradients/resnet_v2_200/block3/unit_2/bottleneck_v2/conv1/BatchNorm/FusedBatchNorm_grad/tuple/control_dependency_1
257.0,32768.0,gradients/resnet_v2_200/block3/unit_1/bottleneck_v2/conv3/BiasAdd_grad/tuple/control_dependency_1
257.0,32768.0,gradients/resnet_v2_200/block3/unit_1/bottleneck_v2/shortcut/BiasAdd_grad/tuple/control_dependency_1
257.0,32768.0,gradients/resnet_v2_200/block3/unit_2/bottleneck_v2/preact/FusedBatchNorm_grad/tuple/control_dependency_1
257.0,32768.0,gradients/resnet_v2_200/block3/unit_2/bottleneck_v2/preact/FusedBatchNorm_grad/tuple/control_dependency_2
257.0,8388608.0,gradients/AddN_152
259.0,8388608.0,gradients/AddN_155
259.0,16777216.0,gradients/AddN_154
262.0,8192.0,gradients/resnet_v2_200/block3/unit_1/bottleneck_v2/conv2/BatchNorm/FusedBatchNorm_grad/tuple/control_dependency_1
262.0,8192.0,gradients/resnet_v2_200/block3/unit_1/bottleneck_v2/conv2/BatchNorm/FusedBatchNorm_grad/tuple/control_dependency_2
263.0,8192.0,gradients/resnet_v2_200/block3/unit_1/bottleneck_v2/conv1/BatchNorm/FusedBatchNorm_grad/tuple/control_dependency_2
263.0,8192.0,gradients/resnet_v2_200/block3/unit_1/bottleneck_v2/conv1/BatchNorm/FusedBatchNorm_grad/tuple/control_dependency_1
263.0,18874368.0,gradients/AddN_156
264.0,16384.0,gradients/resnet_v2_200/block3/unit_1/bottleneck_v2/preact/FusedBatchNorm_grad/tuple/control_dependency_2
264.0,16384.0,gradients/resnet_v2_200/block3/unit_1/bottleneck_v2/preact/FusedBatchNorm_grad/tuple/control_dependency_1
264.0,4194304.0,gradients/AddN_158
266.0,16384.0,gradients/resnet_v2_200/block2/unit_24/bottleneck_v2/conv3/BiasAdd_grad/tuple/control_dependency_1
268.0,2097152.0,gradients/AddN_159
270.0,4096.0,gradients/resnet_v2_200/block2/unit_24/bottleneck_v2/conv2/BatchNorm/FusedBatchNorm_grad/tuple/control_dependency_2
270.0,4096.0,gradients/resnet_v2_200/block2/unit_24/bottleneck_v2/conv2/BatchNorm/FusedBatchNorm_grad/tuple/control_dependency_1
270.0,4718592.0,gradients/AddN_160
271.0,4096.0,gradients/resnet_v2_200/block2/unit_24/bottleneck_v2/conv1/BatchNorm/FusedBatchNorm_grad/tuple/control_dependency_1
271.0,4096.0,gradients/resnet_v2_200/block2/unit_24/bottleneck_v2/conv1/BatchNorm/FusedBatchNorm_grad/tuple/control_dependency_2
272.0,16384.0,gradients/resnet_v2_200/block2/unit_24/bottleneck_v2/preact/FusedBatchNorm_grad/tuple/control_dependency_1
272.0,2097152.0,gradients/AddN_161
273.0,16384.0,gradients/resnet_v2_200/block2/unit_24/bottleneck_v2/preact/FusedBatchNorm_grad/tuple/control_dependency_2
273.0,16384.0,gradients/resnet_v2_200/block2/unit_23/bottleneck_v2/conv3/BiasAdd_grad/tuple/control_dependency_1
275.0,2097152.0,gradients/AddN_163
277.0,4096.0,gradients/resnet_v2_200/block2/unit_23/bottleneck_v2/conv2/BatchNorm/FusedBatchNorm_grad/tuple/control_dependency_2
277.0,4096.0,gradients/resnet_v2_200/block2/unit_23/bottleneck_v2/conv2/BatchNorm/FusedBatchNorm_grad/tuple/control_dependency_1
277.0,4718592.0,gradients/AddN_164
278.0,4096.0,gradients/resnet_v2_200/block2/unit_23/bottleneck_v2/conv1/BatchNorm/FusedBatchNorm_grad/tuple/control_dependency_1
278.0,4096.0,gradients/resnet_v2_200/block2/unit_23/bottleneck_v2/conv1/BatchNorm/FusedBatchNorm_grad/tuple/control_dependency_2
279.0,16384.0,gradients/resnet_v2_200/block2/unit_23/bottleneck_v2/preact/FusedBatchNorm_grad/tuple/control_dependency_2
279.0,16384.0,gradients/resnet_v2_200/block2/unit_23/bottleneck_v2/preact/FusedBatchNorm_grad/tuple/control_dependency_1
279.0,2097152.0,gradients/AddN_165
280.0,16384.0,gradients/resnet_v2_200/block2/unit_22/bottleneck_v2/conv3/BiasAdd_grad/tuple/control_dependency_1
282.0,2097152.0,gradients/AddN_167
283.0,4096.0,gradients/resnet_v2_200/block2/unit_22/bottleneck_v2/conv2/BatchNorm/FusedBatchNorm_grad/tuple/control_dependency_1
284.0,4096.0,gradients/resnet_v2_200/block2/unit_22/bottleneck_v2/conv2/BatchNorm/FusedBatchNorm_grad/tuple/control_dependency_2
284.0,4718592.0,gradients/AddN_168
285.0,4096.0,gradients/resnet_v2_200/block2/unit_22/bottleneck_v2/conv1/BatchNorm/FusedBatchNorm_grad/tuple/control_dependency_1
285.0,4096.0,gradients/resnet_v2_200/block2/unit_22/bottleneck_v2/conv1/BatchNorm/FusedBatchNorm_grad/tuple/control_dependency_2
286.0,16384.0,gradients/resnet_v2_200/block2/unit_22/bottleneck_v2/preact/FusedBatchNorm_grad/tuple/control_dependency_2
286.0,16384.0,gradients/resnet_v2_200/block2/unit_22/bottleneck_v2/preact/FusedBatchNorm_grad/tuple/control_dependency_1
286.0,2097152.0,gradients/AddN_169
287.0,16384.0,gradients/resnet_v2_200/block2/unit_21/bottleneck_v2/conv3/BiasAdd_grad/tuple/control_dependency_1
289.0,2097152.0,gradients/AddN_171
290.0,4096.0,gradients/resnet_v2_200/block2/unit_21/bottleneck_v2/conv2/BatchNorm/FusedBatchNorm_grad/tuple/control_dependency_1
291.0,4096.0,gradients/resnet_v2_200/block2/unit_21/bottleneck_v2/conv2/BatchNorm/FusedBatchNorm_grad/tuple/control_dependency_2
291.0,4096.0,gradients/resnet_v2_200/block2/unit_21/bottleneck_v2/conv1/BatchNorm/FusedBatchNorm_grad/tuple/control_dependency_1
291.0,4096.0,gradients/resnet_v2_200/block2/unit_21/bottleneck_v2/conv1/BatchNorm/FusedBatchNorm_grad/tuple/control_dependency_2
291.0,4718592.0,gradients/AddN_172
293.0,16384.0,gradients/resnet_v2_200/block2/unit_21/bottleneck_v2/preact/FusedBatchNorm_grad/tuple/control_dependency_2
293.0,16384.0,gradients/resnet_v2_200/block2/unit_21/bottleneck_v2/preact/FusedBatchNorm_grad/tuple/control_dependency_1
293.0,2097152.0,gradients/AddN_173
294.0,16384.0,gradients/resnet_v2_200/block2/unit_20/bottleneck_v2/conv3/BiasAdd_grad/tuple/control_dependency_1
296.0,2097152.0,gradients/AddN_175
297.0,4096.0,gradients/resnet_v2_200/block2/unit_20/bottleneck_v2/conv2/BatchNorm/FusedBatchNorm_grad/tuple/control_dependency_2
297.0,4096.0,gradients/resnet_v2_200/block2/unit_20/bottleneck_v2/conv2/BatchNorm/FusedBatchNorm_grad/tuple/control_dependency_1
298.0,4096.0,gradients/resnet_v2_200/block2/unit_20/bottleneck_v2/conv1/BatchNorm/FusedBatchNorm_grad/tuple/control_dependency_1
298.0,4096.0,gradients/resnet_v2_200/block2/unit_20/bottleneck_v2/conv1/BatchNorm/FusedBatchNorm_grad/tuple/control_dependency_2
298.0,4718592.0,gradients/AddN_176
300.0,16384.0,gradients/resnet_v2_200/block2/unit_20/bottleneck_v2/preact/FusedBatchNorm_grad/tuple/control_dependency_2
300.0,16384.0,gradients/resnet_v2_200/block2/unit_20/bottleneck_v2/preact/FusedBatchNorm_grad/tuple/control_dependency_1
300.0,2097152.0,gradients/AddN_177
301.0,16384.0,gradients/resnet_v2_200/block2/unit_19/bottleneck_v2/conv3/BiasAdd_grad/tuple/control_dependency_1
303.0,2097152.0,gradients/AddN_179
304.0,4096.0,gradients/resnet_v2_200/block2/unit_19/bottleneck_v2/conv2/BatchNorm/FusedBatchNorm_grad/tuple/control_dependency_2
304.0,4096.0,gradients/resnet_v2_200/block2/unit_19/bottleneck_v2/conv2/BatchNorm/FusedBatchNorm_grad/tuple/control_dependency_1
305.0,4096.0,gradients/resnet_v2_200/block2/unit_19/bottleneck_v2/conv1/BatchNorm/FusedBatchNorm_grad/tuple/control_dependency_1
305.0,4096.0,gradients/resnet_v2_200/block2/unit_19/bottleneck_v2/conv1/BatchNorm/FusedBatchNorm_grad/tuple/control_dependency_2
305.0,4718592.0,gradients/AddN_180
307.0,16384.0,gradients/resnet_v2_200/block2/unit_19/bottleneck_v2/preact/FusedBatchNorm_grad/tuple/control_dependency_2
307.0,16384.0,gradients/resnet_v2_200/block2/unit_19/bottleneck_v2/preact/FusedBatchNorm_grad/tuple/control_dependency_1
307.0,2097152.0,gradients/AddN_181
308.0,16384.0,gradients/resnet_v2_200/block2/unit_18/bottleneck_v2/conv3/BiasAdd_grad/tuple/control_dependency_1
310.0,2097152.0,gradients/AddN_183
311.0,4096.0,gradients/resnet_v2_200/block2/unit_18/bottleneck_v2/conv2/BatchNorm/FusedBatchNorm_grad/tuple/control_dependency_2
311.0,4096.0,gradients/resnet_v2_200/block2/unit_18/bottleneck_v2/conv2/BatchNorm/FusedBatchNorm_grad/tuple/control_dependency_1
312.0,4096.0,gradients/resnet_v2_200/block2/unit_18/bottleneck_v2/conv1/BatchNorm/FusedBatchNorm_grad/tuple/control_dependency_1
312.0,4096.0,gradients/resnet_v2_200/block2/unit_18/bottleneck_v2/conv1/BatchNorm/FusedBatchNorm_grad/tuple/control_dependency_2
312.0,4718592.0,gradients/AddN_184
314.0,16384.0,gradients/resnet_v2_200/block2/unit_18/bottleneck_v2/preact/FusedBatchNorm_grad/tuple/control_dependency_2
314.0,16384.0,gradients/resnet_v2_200/block2/unit_18/bottleneck_v2/preact/FusedBatchNorm_grad/tuple/control_dependency_1
314.0,2097152.0,gradients/AddN_185
315.0,16384.0,gradients/resnet_v2_200/block2/unit_17/bottleneck_v2/conv3/BiasAdd_grad/tuple/control_dependency_1
317.0,2097152.0,gradients/AddN_187
318.0,4096.0,gradients/resnet_v2_200/block2/unit_17/bottleneck_v2/conv2/BatchNorm/FusedBatchNorm_grad/tuple/control_dependency_2
318.0,4096.0,gradients/resnet_v2_200/block2/unit_17/bottleneck_v2/conv2/BatchNorm/FusedBatchNorm_grad/tuple/control_dependency_1
319.0,4096.0,gradients/resnet_v2_200/block2/unit_17/bottleneck_v2/conv1/BatchNorm/FusedBatchNorm_grad/tuple/control_dependency_1
319.0,4096.0,gradients/resnet_v2_200/block2/unit_17/bottleneck_v2/conv1/BatchNorm/FusedBatchNorm_grad/tuple/control_dependency_2
319.0,4718592.0,gradients/AddN_188
321.0,16384.0,gradients/resnet_v2_200/block2/unit_17/bottleneck_v2/preact/FusedBatchNorm_grad/tuple/control_dependency_2
321.0,16384.0,gradients/resnet_v2_200/block2/unit_17/bottleneck_v2/preact/FusedBatchNorm_grad/tuple/control_dependency_1
321.0,2097152.0,gradients/AddN_189
322.0,16384.0,gradients/resnet_v2_200/block2/unit_16/bottleneck_v2/conv3/BiasAdd_grad/tuple/control_dependency_1
323.0,2097152.0,gradients/AddN_191
325.0,4096.0,gradients/resnet_v2_200/block2/unit_16/bottleneck_v2/conv2/BatchNorm/FusedBatchNorm_grad/tuple/control_dependency_2
325.0,4096.0,gradients/resnet_v2_200/block2/unit_16/bottleneck_v2/conv2/BatchNorm/FusedBatchNorm_grad/tuple/control_dependency_1
326.0,4096.0,gradients/resnet_v2_200/block2/unit_16/bottleneck_v2/conv1/BatchNorm/FusedBatchNorm_grad/tuple/control_dependency_1
326.0,4096.0,gradients/resnet_v2_200/block2/unit_16/bottleneck_v2/conv1/BatchNorm/FusedBatchNorm_grad/tuple/control_dependency_2
326.0,4718592.0,gradients/AddN_192
328.0,16384.0,gradients/resnet_v2_200/block2/unit_16/bottleneck_v2/preact/FusedBatchNorm_grad/tuple/control_dependency_2
328.0,16384.0,gradients/resnet_v2_200/block2/unit_16/bottleneck_v2/preact/FusedBatchNorm_grad/tuple/control_dependency_1
328.0,2097152.0,gradients/AddN_193
329.0,16384.0,gradients/resnet_v2_200/block2/unit_15/bottleneck_v2/conv3/BiasAdd_grad/tuple/control_dependency_1
330.0,2097152.0,gradients/AddN_195
332.0,4096.0,gradients/resnet_v2_200/block2/unit_15/bottleneck_v2/conv2/BatchNorm/FusedBatchNorm_grad/tuple/control_dependency_2
332.0,4096.0,gradients/resnet_v2_200/block2/unit_15/bottleneck_v2/conv2/BatchNorm/FusedBatchNorm_grad/tuple/control_dependency_1
333.0,4096.0,gradients/resnet_v2_200/block2/unit_15/bottleneck_v2/conv1/BatchNorm/FusedBatchNorm_grad/tuple/control_dependency_1
333.0,4096.0,gradients/resnet_v2_200/block2/unit_15/bottleneck_v2/conv1/BatchNorm/FusedBatchNorm_grad/tuple/control_dependency_2
333.0,4718592.0,gradients/AddN_196
334.0,2097152.0,gradients/AddN_197
335.0,16384.0,gradients/resnet_v2_200/block2/unit_15/bottleneck_v2/preact/FusedBatchNorm_grad/tuple/control_dependency_2
335.0,16384.0,gradients/resnet_v2_200/block2/unit_15/bottleneck_v2/preact/FusedBatchNorm_grad/tuple/control_dependency_1
336.0,16384.0,gradients/resnet_v2_200/block2/unit_14/bottleneck_v2/conv3/BiasAdd_grad/tuple/control_dependency_1
337.0,2097152.0,gradients/AddN_199
339.0,4096.0,gradients/resnet_v2_200/block2/unit_14/bottleneck_v2/conv2/BatchNorm/FusedBatchNorm_grad/tuple/control_dependency_2
339.0,4096.0,gradients/resnet_v2_200/block2/unit_14/bottleneck_v2/conv2/BatchNorm/FusedBatchNorm_grad/tuple/control_dependency_1
340.0,4096.0,gradients/resnet_v2_200/block2/unit_14/bottleneck_v2/conv1/BatchNorm/FusedBatchNorm_grad/tuple/control_dependency_1
340.0,4096.0,gradients/resnet_v2_200/block2/unit_14/bottleneck_v2/conv1/BatchNorm/FusedBatchNorm_grad/tuple/control_dependency_2
340.0,4718592.0,gradients/AddN_200
341.0,2097152.0,gradients/AddN_201
342.0,16384.0,gradients/resnet_v2_200/block2/unit_14/bottleneck_v2/preact/FusedBatchNorm_grad/tuple/control_dependency_2
342.0,16384.0,gradients/resnet_v2_200/block2/unit_14/bottleneck_v2/preact/FusedBatchNorm_grad/tuple/control_dependency_1
343.0,16384.0,gradients/resnet_v2_200/block2/unit_13/bottleneck_v2/conv3/BiasAdd_grad/tuple/control_dependency_1
344.0,2097152.0,gradients/AddN_203
346.0,4096.0,gradients/resnet_v2_200/block2/unit_13/bottleneck_v2/conv2/BatchNorm/FusedBatchNorm_grad/tuple/control_dependency_2
346.0,4096.0,gradients/resnet_v2_200/block2/unit_13/bottleneck_v2/conv2/BatchNorm/FusedBatchNorm_grad/tuple/control_dependency_1
347.0,4096.0,gradients/resnet_v2_200/block2/unit_13/bottleneck_v2/conv1/BatchNorm/FusedBatchNorm_grad/tuple/control_dependency_1
347.0,4096.0,gradients/resnet_v2_200/block2/unit_13/bottleneck_v2/conv1/BatchNorm/FusedBatchNorm_grad/tuple/control_dependency_2
347.0,4718592.0,gradients/AddN_204
348.0,16384.0,gradients/resnet_v2_200/block2/unit_13/bottleneck_v2/preact/FusedBatchNorm_grad/tuple/control_dependency_2
348.0,16384.0,gradients/resnet_v2_200/block2/unit_13/bottleneck_v2/preact/FusedBatchNorm_grad/tuple/control_dependency_1
348.0,2097152.0,gradients/AddN_205
349.0,16384.0,gradients/resnet_v2_200/block2/unit_12/bottleneck_v2/conv3/BiasAdd_grad/tuple/control_dependency_1
351.0,2097152.0,gradients/AddN_207
353.0,4096.0,gradients/resnet_v2_200/block2/unit_12/bottleneck_v2/conv2/BatchNorm/FusedBatchNorm_grad/tuple/control_dependency_2
353.0,4096.0,gradients/resnet_v2_200/block2/unit_12/bottleneck_v2/conv2/BatchNorm/FusedBatchNorm_grad/tuple/control_dependency_1
354.0,4096.0,gradients/resnet_v2_200/block2/unit_12/bottleneck_v2/conv1/BatchNorm/FusedBatchNorm_grad/tuple/control_dependency_1
354.0,4096.0,gradients/resnet_v2_200/block2/unit_12/bottleneck_v2/conv1/BatchNorm/FusedBatchNorm_grad/tuple/control_dependency_2
354.0,4718592.0,gradients/AddN_208
355.0,16384.0,gradients/resnet_v2_200/block2/unit_12/bottleneck_v2/preact/FusedBatchNorm_grad/tuple/control_dependency_1
355.0,2097152.0,gradients/AddN_209
356.0,16384.0,gradients/resnet_v2_200/block2/unit_12/bottleneck_v2/preact/FusedBatchNorm_grad/tuple/control_dependency_2
356.0,16384.0,gradients/resnet_v2_200/block2/unit_11/bottleneck_v2/conv3/BiasAdd_grad/tuple/control_dependency_1
358.0,2097152.0,gradients/AddN_211
360.0,4096.0,gradients/resnet_v2_200/block2/unit_11/bottleneck_v2/conv2/BatchNorm/FusedBatchNorm_grad/tuple/control_dependency_2
360.0,4096.0,gradients/resnet_v2_200/block2/unit_11/bottleneck_v2/conv2/BatchNorm/FusedBatchNorm_grad/tuple/control_dependency_1
360.0,4718592.0,gradients/AddN_212
361.0,4096.0,gradients/resnet_v2_200/block2/unit_11/bottleneck_v2/conv1/BatchNorm/FusedBatchNorm_grad/tuple/control_dependency_1
361.0,4096.0,gradients/resnet_v2_200/block2/unit_11/bottleneck_v2/conv1/BatchNorm/FusedBatchNorm_grad/tuple/control_dependency_2
362.0,16384.0,gradients/resnet_v2_200/block2/unit_11/bottleneck_v2/preact/FusedBatchNorm_grad/tuple/control_dependency_2
362.0,16384.0,gradients/resnet_v2_200/block2/unit_11/bottleneck_v2/preact/FusedBatchNorm_grad/tuple/control_dependency_1
362.0,2097152.0,gradients/AddN_213
363.0,16384.0,gradients/resnet_v2_200/block2/unit_10/bottleneck_v2/conv3/BiasAdd_grad/tuple/control_dependency_1
365.0,2097152.0,gradients/AddN_215
366.0,4096.0,gradients/resnet_v2_200/block2/unit_10/bottleneck_v2/conv2/BatchNorm/FusedBatchNorm_grad/tuple/control_dependency_2
366.0,4096.0,gradients/resnet_v2_200/block2/unit_10/bottleneck_v2/conv2/BatchNorm/FusedBatchNorm_grad/tuple/control_dependency_1
367.0,4096.0,gradients/resnet_v2_200/block2/unit_10/bottleneck_v2/conv1/BatchNorm/FusedBatchNorm_grad/tuple/control_dependency_1
367.0,4096.0,gradients/resnet_v2_200/block2/unit_10/bottleneck_v2/conv1/BatchNorm/FusedBatchNorm_grad/tuple/control_dependency_2
367.0,4718592.0,gradients/AddN_216
369.0,16384.0,gradients/resnet_v2_200/block2/unit_10/bottleneck_v2/preact/FusedBatchNorm_grad/tuple/control_dependency_2
369.0,16384.0,gradients/resnet_v2_200/block2/unit_10/bottleneck_v2/preact/FusedBatchNorm_grad/tuple/control_dependency_1
369.0,2097152.0,gradients/AddN_217
370.0,16384.0,gradients/resnet_v2_200/block2/unit_9/bottleneck_v2/conv3/BiasAdd_grad/tuple/control_dependency_1
372.0,2097152.0,gradients/AddN_219
373.0,4096.0,gradients/resnet_v2_200/block2/unit_9/bottleneck_v2/conv2/BatchNorm/FusedBatchNorm_grad/tuple/control_dependency_2
373.0,4096.0,gradients/resnet_v2_200/block2/unit_9/bottleneck_v2/conv2/BatchNorm/FusedBatchNorm_grad/tuple/control_dependency_1
374.0,4096.0,gradients/resnet_v2_200/block2/unit_9/bottleneck_v2/conv1/BatchNorm/FusedBatchNorm_grad/tuple/control_dependency_1
374.0,4096.0,gradients/resnet_v2_200/block2/unit_9/bottleneck_v2/conv1/BatchNorm/FusedBatchNorm_grad/tuple/control_dependency_2
374.0,4718592.0,gradients/AddN_220
376.0,16384.0,gradients/resnet_v2_200/block2/unit_9/bottleneck_v2/preact/FusedBatchNorm_grad/tuple/control_dependency_2
376.0,16384.0,gradients/resnet_v2_200/block2/unit_9/bottleneck_v2/preact/FusedBatchNorm_grad/tuple/control_dependency_1
376.0,2097152.0,gradients/AddN_221
377.0,16384.0,gradients/resnet_v2_200/block2/unit_8/bottleneck_v2/conv3/BiasAdd_grad/tuple/control_dependency_1
379.0,2097152.0,gradients/AddN_223
380.0,4096.0,gradients/resnet_v2_200/block2/unit_8/bottleneck_v2/conv2/BatchNorm/FusedBatchNorm_grad/tuple/control_dependency_2
380.0,4096.0,gradients/resnet_v2_200/block2/unit_8/bottleneck_v2/conv2/BatchNorm/FusedBatchNorm_grad/tuple/control_dependency_1
381.0,4096.0,gradients/resnet_v2_200/block2/unit_8/bottleneck_v2/conv1/BatchNorm/FusedBatchNorm_grad/tuple/control_dependency_1
381.0,4096.0,gradients/resnet_v2_200/block2/unit_8/bottleneck_v2/conv1/BatchNorm/FusedBatchNorm_grad/tuple/control_dependency_2
381.0,4718592.0,gradients/AddN_224
383.0,16384.0,gradients/resnet_v2_200/block2/unit_8/bottleneck_v2/preact/FusedBatchNorm_grad/tuple/control_dependency_2
383.0,16384.0,gradients/resnet_v2_200/block2/unit_8/bottleneck_v2/preact/FusedBatchNorm_grad/tuple/control_dependency_1
383.0,2097152.0,gradients/AddN_225
384.0,16384.0,gradients/resnet_v2_200/block2/unit_7/bottleneck_v2/conv3/BiasAdd_grad/tuple/control_dependency_1
386.0,2097152.0,gradients/AddN_227
387.0,4096.0,gradients/resnet_v2_200/block2/unit_7/bottleneck_v2/conv2/BatchNorm/FusedBatchNorm_grad/tuple/control_dependency_2
387.0,4096.0,gradients/resnet_v2_200/block2/unit_7/bottleneck_v2/conv2/BatchNorm/FusedBatchNorm_grad/tuple/control_dependency_1
388.0,4096.0,gradients/resnet_v2_200/block2/unit_7/bottleneck_v2/conv1/BatchNorm/FusedBatchNorm_grad/tuple/control_dependency_1
388.0,4096.0,gradients/resnet_v2_200/block2/unit_7/bottleneck_v2/conv1/BatchNorm/FusedBatchNorm_grad/tuple/control_dependency_2
388.0,4718592.0,gradients/AddN_228
390.0,16384.0,gradients/resnet_v2_200/block2/unit_7/bottleneck_v2/preact/FusedBatchNorm_grad/tuple/control_dependency_2
390.0,16384.0,gradients/resnet_v2_200/block2/unit_7/bottleneck_v2/preact/FusedBatchNorm_grad/tuple/control_dependency_1
390.0,2097152.0,gradients/AddN_229
391.0,16384.0,gradients/resnet_v2_200/block2/unit_6/bottleneck_v2/conv3/BiasAdd_grad/tuple/control_dependency_1
393.0,2097152.0,gradients/AddN_231
394.0,4096.0,gradients/resnet_v2_200/block2/unit_6/bottleneck_v2/conv2/BatchNorm/FusedBatchNorm_grad/tuple/control_dependency_2
394.0,4096.0,gradients/resnet_v2_200/block2/unit_6/bottleneck_v2/conv2/BatchNorm/FusedBatchNorm_grad/tuple/control_dependency_1
395.0,4096.0,gradients/resnet_v2_200/block2/unit_6/bottleneck_v2/conv1/BatchNorm/FusedBatchNorm_grad/tuple/control_dependency_1
395.0,4096.0,gradients/resnet_v2_200/block2/unit_6/bottleneck_v2/conv1/BatchNorm/FusedBatchNorm_grad/tuple/control_dependency_2
395.0,4718592.0,gradients/AddN_232
397.0,16384.0,gradients/resnet_v2_200/block2/unit_6/bottleneck_v2/preact/FusedBatchNorm_grad/tuple/control_dependency_2
397.0,16384.0,gradients/resnet_v2_200/block2/unit_6/bottleneck_v2/preact/FusedBatchNorm_grad/tuple/control_dependency_1
397.0,2097152.0,gradients/AddN_233
398.0,16384.0,gradients/resnet_v2_200/block2/unit_5/bottleneck_v2/conv3/BiasAdd_grad/tuple/control_dependency_1
399.0,2097152.0,gradients/AddN_235
401.0,4096.0,gradients/resnet_v2_200/block2/unit_5/bottleneck_v2/conv2/BatchNorm/FusedBatchNorm_grad/tuple/control_dependency_2
401.0,4096.0,gradients/resnet_v2_200/block2/unit_5/bottleneck_v2/conv2/BatchNorm/FusedBatchNorm_grad/tuple/control_dependency_1
402.0,4096.0,gradients/resnet_v2_200/block2/unit_5/bottleneck_v2/conv1/BatchNorm/FusedBatchNorm_grad/tuple/control_dependency_1
402.0,4096.0,gradients/resnet_v2_200/block2/unit_5/bottleneck_v2/conv1/BatchNorm/FusedBatchNorm_grad/tuple/control_dependency_2
402.0,4718592.0,gradients/AddN_236
404.0,16384.0,gradients/resnet_v2_200/block2/unit_5/bottleneck_v2/preact/FusedBatchNorm_grad/tuple/control_dependency_2
404.0,16384.0,gradients/resnet_v2_200/block2/unit_5/bottleneck_v2/preact/FusedBatchNorm_grad/tuple/control_dependency_1
404.0,2097152.0,gradients/AddN_237
405.0,16384.0,gradients/resnet_v2_200/block2/unit_4/bottleneck_v2/conv3/BiasAdd_grad/tuple/control_dependency_1
406.0,2097152.0,gradients/AddN_239
408.0,4096.0,gradients/resnet_v2_200/block2/unit_4/bottleneck_v2/conv2/BatchNorm/FusedBatchNorm_grad/tuple/control_dependency_2
408.0,4096.0,gradients/resnet_v2_200/block2/unit_4/bottleneck_v2/conv2/BatchNorm/FusedBatchNorm_grad/tuple/control_dependency_1
409.0,4096.0,gradients/resnet_v2_200/block2/unit_4/bottleneck_v2/conv1/BatchNorm/FusedBatchNorm_grad/tuple/control_dependency_1
409.0,4096.0,gradients/resnet_v2_200/block2/unit_4/bottleneck_v2/conv1/BatchNorm/FusedBatchNorm_grad/tuple/control_dependency_2
409.0,4718592.0,gradients/AddN_240
410.0,2097152.0,gradients/AddN_241
411.0,16384.0,gradients/resnet_v2_200/block2/unit_4/bottleneck_v2/preact/FusedBatchNorm_grad/tuple/control_dependency_2
411.0,16384.0,gradients/resnet_v2_200/block2/unit_4/bottleneck_v2/preact/FusedBatchNorm_grad/tuple/control_dependency_1
412.0,16384.0,gradients/resnet_v2_200/block2/unit_3/bottleneck_v2/conv3/BiasAdd_grad/tuple/control_dependency_1
413.0,2097152.0,gradients/AddN_243
415.0,4096.0,gradients/resnet_v2_200/block2/unit_3/bottleneck_v2/conv2/BatchNorm/FusedBatchNorm_grad/tuple/control_dependency_2
415.0,4096.0,gradients/resnet_v2_200/block2/unit_3/bottleneck_v2/conv2/BatchNorm/FusedBatchNorm_grad/tuple/control_dependency_1
416.0,4096.0,gradients/resnet_v2_200/block2/unit_3/bottleneck_v2/conv1/BatchNorm/FusedBatchNorm_grad/tuple/control_dependency_1
416.0,4096.0,gradients/resnet_v2_200/block2/unit_3/bottleneck_v2/conv1/BatchNorm/FusedBatchNorm_grad/tuple/control_dependency_2
416.0,4718592.0,gradients/AddN_244
417.0,2097152.0,gradients/AddN_245
418.0,16384.0,gradients/resnet_v2_200/block2/unit_3/bottleneck_v2/preact/FusedBatchNorm_grad/tuple/control_dependency_2
418.0,16384.0,gradients/resnet_v2_200/block2/unit_3/bottleneck_v2/preact/FusedBatchNorm_grad/tuple/control_dependency_1
419.0,16384.0,gradients/resnet_v2_200/block2/unit_2/bottleneck_v2/conv3/BiasAdd_grad/tuple/control_dependency_1
420.0,2097152.0,gradients/AddN_247
422.0,4096.0,gradients/resnet_v2_200/block2/unit_2/bottleneck_v2/conv2/BatchNorm/FusedBatchNorm_grad/tuple/control_dependency_2
422.0,4096.0,gradients/resnet_v2_200/block2/unit_2/bottleneck_v2/conv2/BatchNorm/FusedBatchNorm_grad/tuple/control_dependency_1
423.0,4096.0,gradients/resnet_v2_200/block2/unit_2/bottleneck_v2/conv1/BatchNorm/FusedBatchNorm_grad/tuple/control_dependency_1
423.0,4096.0,gradients/resnet_v2_200/block2/unit_2/bottleneck_v2/conv1/BatchNorm/FusedBatchNorm_grad/tuple/control_dependency_2
423.0,4718592.0,gradients/AddN_248
424.0,2097152.0,gradients/AddN_249
425.0,16384.0,gradients/resnet_v2_200/block2/unit_2/bottleneck_v2/preact/FusedBatchNorm_grad/tuple/control_dependency_2
425.0,16384.0,gradients/resnet_v2_200/block2/unit_2/bottleneck_v2/preact/FusedBatchNorm_grad/tuple/control_dependency_1
426.0,16384.0,gradients/resnet_v2_200/block2/unit_1/bottleneck_v2/conv3/BiasAdd_grad/tuple/control_dependency_1
426.0,16384.0,gradients/resnet_v2_200/block2/unit_1/bottleneck_v2/shortcut/BiasAdd_grad/tuple/control_dependency_1
427.0,2097152.0,gradients/AddN_252
427.0,4194304.0,gradients/AddN_251
429.0,4096.0,gradients/resnet_v2_200/block2/unit_1/bottleneck_v2/conv2/BatchNorm/FusedBatchNorm_grad/tuple/control_dependency_2
429.0,4096.0,gradients/resnet_v2_200/block2/unit_1/bottleneck_v2/conv2/BatchNorm/FusedBatchNorm_grad/tuple/control_dependency_1
430.0,4096.0,gradients/resnet_v2_200/block2/unit_1/bottleneck_v2/conv1/BatchNorm/FusedBatchNorm_grad/tuple/control_dependency_1
430.0,4096.0,gradients/resnet_v2_200/block2/unit_1/bottleneck_v2/conv1/BatchNorm/FusedBatchNorm_grad/tuple/control_dependency_2
430.0,4718592.0,gradients/AddN_253
431.0,1048576.0,gradients/AddN_255
432.0,8192.0,gradients/resnet_v2_200/block2/unit_1/bottleneck_v2/preact/FusedBatchNorm_grad/tuple/control_dependency_1
433.0,8192.0,gradients/resnet_v2_200/block2/unit_1/bottleneck_v2/preact/FusedBatchNorm_grad/tuple/control_dependency_2
434.0,8192.0,gradients/resnet_v2_200/block1/unit_3/bottleneck_v2/conv3/BiasAdd_grad/tuple/control_dependency_1
435.0,524288.0,gradients/AddN_256
437.0,2048.0,gradients/resnet_v2_200/block1/unit_3/bottleneck_v2/conv2/BatchNorm/FusedBatchNorm_grad/tuple/control_dependency_1
437.0,2048.0,gradients/resnet_v2_200/block1/unit_3/bottleneck_v2/conv2/BatchNorm/FusedBatchNorm_grad/tuple/control_dependency_2
438.0,1179648.0,gradients/AddN_257
439.0,2048.0,gradients/resnet_v2_200/block1/unit_3/bottleneck_v2/conv1/BatchNorm/FusedBatchNorm_grad/tuple/control_dependency_2
439.0,2048.0,gradients/resnet_v2_200/block1/unit_3/bottleneck_v2/conv1/BatchNorm/FusedBatchNorm_grad/tuple/control_dependency_1
441.0,8192.0,gradients/resnet_v2_200/block1/unit_2/bottleneck_v2/conv3/BiasAdd_grad/tuple/control_dependency_1
441.0,8192.0,gradients/resnet_v2_200/block1/unit_3/bottleneck_v2/preact/FusedBatchNorm_grad/tuple/control_dependency_1
441.0,8192.0,gradients/resnet_v2_200/block1/unit_3/bottleneck_v2/preact/FusedBatchNorm_grad/tuple/control_dependency_2
441.0,524288.0,gradients/AddN_258
442.0,524288.0,gradients/AddN_260
444.0,2048.0,gradients/resnet_v2_200/block1/unit_2/bottleneck_v2/conv2/BatchNorm/FusedBatchNorm_grad/tuple/control_dependency_1
444.0,2048.0,gradients/resnet_v2_200/block1/unit_2/bottleneck_v2/conv2/BatchNorm/FusedBatchNorm_grad/tuple/control_dependency_2
446.0,2048.0,gradients/resnet_v2_200/block1/unit_2/bottleneck_v2/conv1/BatchNorm/FusedBatchNorm_grad/tuple/control_dependency_2
446.0,2048.0,gradients/resnet_v2_200/block1/unit_2/bottleneck_v2/conv1/BatchNorm/FusedBatchNorm_grad/tuple/control_dependency_1
446.0,1179648.0,gradients/AddN_261
448.0,8192.0,gradients/resnet_v2_200/block1/unit_1/bottleneck_v2/conv3/BiasAdd_grad/tuple/control_dependency_1
448.0,8192.0,gradients/resnet_v2_200/block1/unit_1/bottleneck_v2/shortcut/BiasAdd_grad/tuple/control_dependency_1
448.0,8192.0,gradients/resnet_v2_200/block1/unit_2/bottleneck_v2/preact/FusedBatchNorm_grad/tuple/control_dependency_1
448.0,8192.0,gradients/resnet_v2_200/block1/unit_2/bottleneck_v2/preact/FusedBatchNorm_grad/tuple/control_dependency_2
448.0,524288.0,gradients/AddN_262
449.0,524288.0,gradients/AddN_264
449.0,524288.0,gradients/AddN_265
452.0,2048.0,gradients/resnet_v2_200/block1/unit_1/bottleneck_v2/conv2/BatchNorm/FusedBatchNorm_grad/tuple/control_dependency_1
452.0,2048.0,gradients/resnet_v2_200/block1/unit_1/bottleneck_v2/conv2/BatchNorm/FusedBatchNorm_grad/tuple/control_dependency_2
454.0,2048.0,gradients/resnet_v2_200/block1/unit_1/bottleneck_v2/conv1/BatchNorm/FusedBatchNorm_grad/tuple/control_dependency_2
454.0,2048.0,gradients/resnet_v2_200/block1/unit_1/bottleneck_v2/conv1/BatchNorm/FusedBatchNorm_grad/tuple/control_dependency_1
454.0,1179648.0,gradients/AddN_266
457.0,2048.0,gradients/resnet_v2_200/block1/unit_1/bottleneck_v2/preact/FusedBatchNorm_grad/tuple/control_dependency_2
457.0,2048.0,gradients/resnet_v2_200/block1/unit_1/bottleneck_v2/preact/FusedBatchNorm_grad/tuple/control_dependency_1
457.0,131072.0,gradients/AddN_268
459.0,2048.0,gradients/resnet_v2_200/conv1/BiasAdd_grad/tuple/control_dependency_1
459.0,301056.0,gradients/AddN_269
