"relative_time, bits_sent, raw_edgename"
0.0,32032.0,gradients/resnet_v2_200/logits/BiasAdd_grad/tuple/control_dependency_1
0.0,65536.0,gradients/resnet_v2_200/postnorm/FusedBatchNorm_grad/tuple/control_dependency_2
0.0,65536.0,gradients/resnet_v2_200/block4/unit_3/bottleneck_v2/conv3/BiasAdd_grad/tuple/control_dependency_1
0.0,65536.0,gradients/resnet_v2_200/postnorm/FusedBatchNorm_grad/tuple/control_dependency_1
0.0,33554432.0,gradients/AddN_1
0.0,33554432.0,gradients/AddN_3
0.0,65601536.0,gradients/AddN
0.0,75497472.0,gradients/AddN_2
1.0,16384.0,gradients/resnet_v2_200/block4/unit_2/bottleneck_v2/conv2/BatchNorm/FusedBatchNorm_grad/tuple/control_dependency_2
1.0,16384.0,gradients/resnet_v2_200/block4/unit_2/bottleneck_v2/conv1/BatchNorm/FusedBatchNorm_grad/tuple/control_dependency_1
1.0,16384.0,gradients/resnet_v2_200/block4/unit_2/bottleneck_v2/conv2/BatchNorm/FusedBatchNorm_grad/tuple/control_dependency_1
1.0,16384.0,gradients/resnet_v2_200/block4/unit_2/bottleneck_v2/conv1/BatchNorm/FusedBatchNorm_grad/tuple/control_dependency_2
1.0,65536.0,gradients/resnet_v2_200/block4/unit_2/bottleneck_v2/preact/FusedBatchNorm_grad/tuple/control_dependency_2
1.0,65536.0,gradients/resnet_v2_200/block4/unit_3/bottleneck_v2/preact/FusedBatchNorm_grad/tuple/control_dependency_2
1.0,65536.0,gradients/resnet_v2_200/block4/unit_1/bottleneck_v2/shortcut/BiasAdd_grad/tuple/control_dependency_1
1.0,65536.0,gradients/resnet_v2_200/block4/unit_2/bottleneck_v2/conv3/BiasAdd_grad/tuple/control_dependency_1
1.0,65536.0,gradients/resnet_v2_200/block4/unit_2/bottleneck_v2/preact/FusedBatchNorm_grad/tuple/control_dependency_1
1.0,65536.0,gradients/resnet_v2_200/block4/unit_3/bottleneck_v2/preact/FusedBatchNorm_grad/tuple/control_dependency_1
1.0,33554432.0,gradients/AddN_5
1.0,33554432.0,gradients/AddN_7
1.0,75497472.0,gradients/AddN_6
2.0,16384.0,gradients/resnet_v2_200/block4/unit_1/bottleneck_v2/conv2/BatchNorm/FusedBatchNorm_grad/tuple/control_dependency_2
2.0,16384.0,gradients/resnet_v2_200/block4/unit_1/bottleneck_v2/conv1/BatchNorm/FusedBatchNorm_grad/tuple/control_dependency_1
2.0,16384.0,gradients/resnet_v2_200/block4/unit_1/bottleneck_v2/conv2/BatchNorm/FusedBatchNorm_grad/tuple/control_dependency_1
2.0,16384.0,gradients/resnet_v2_200/block4/unit_1/bottleneck_v2/conv1/BatchNorm/FusedBatchNorm_grad/tuple/control_dependency_2
2.0,32768.0,gradients/resnet_v2_200/block3/unit_36/bottleneck_v2/conv3/BiasAdd_grad/tuple/control_dependency_1
2.0,32768.0,gradients/resnet_v2_200/block4/unit_1/bottleneck_v2/preact/FusedBatchNorm_grad/tuple/control_dependency_1
2.0,32768.0,gradients/resnet_v2_200/block4/unit_1/bottleneck_v2/preact/FusedBatchNorm_grad/tuple/control_dependency_2
2.0,65536.0,gradients/resnet_v2_200/block4/unit_1/bottleneck_v2/conv3/BiasAdd_grad/tuple/control_dependency_1
2.0,16777216.0,gradients/AddN_13
2.0,33554432.0,gradients/AddN_10
2.0,67108864.0,gradients/AddN_9
2.0,75497472.0,gradients/AddN_11
3.0,8192.0,gradients/resnet_v2_200/block3/unit_36/bottleneck_v2/conv2/BatchNorm/FusedBatchNorm_grad/tuple/control_dependency_1
3.0,8192.0,gradients/resnet_v2_200/block3/unit_36/bottleneck_v2/conv1/BatchNorm/FusedBatchNorm_grad/tuple/control_dependency_2
3.0,8192.0,gradients/resnet_v2_200/block3/unit_36/bottleneck_v2/conv2/BatchNorm/FusedBatchNorm_grad/tuple/control_dependency_2
3.0,8192.0,gradients/resnet_v2_200/block3/unit_36/bottleneck_v2/conv1/BatchNorm/FusedBatchNorm_grad/tuple/control_dependency_1
3.0,32768.0,gradients/resnet_v2_200/block3/unit_35/bottleneck_v2/conv3/BiasAdd_grad/tuple/control_dependency_1
3.0,32768.0,gradients/resnet_v2_200/block3/unit_36/bottleneck_v2/preact/FusedBatchNorm_grad/tuple/control_dependency_1
3.0,32768.0,gradients/resnet_v2_200/block3/unit_36/bottleneck_v2/preact/FusedBatchNorm_grad/tuple/control_dependency_2
3.0,8388608.0,gradients/AddN_16
3.0,8388608.0,gradients/AddN_14
3.0,8388608.0,gradients/AddN_18
3.0,18874368.0,gradients/AddN_15
4.0,8192.0,gradients/resnet_v2_200/block3/unit_34/bottleneck_v2/conv2/BatchNorm/FusedBatchNorm_grad/tuple/control_dependency_1
4.0,8192.0,gradients/resnet_v2_200/block3/unit_35/bottleneck_v2/conv2/BatchNorm/FusedBatchNorm_grad/tuple/control_dependency_1
4.0,8192.0,gradients/resnet_v2_200/block3/unit_35/bottleneck_v2/conv1/BatchNorm/FusedBatchNorm_grad/tuple/control_dependency_2
4.0,8192.0,gradients/resnet_v2_200/block3/unit_34/bottleneck_v2/conv2/BatchNorm/FusedBatchNorm_grad/tuple/control_dependency_2
4.0,8192.0,gradients/resnet_v2_200/block3/unit_35/bottleneck_v2/conv2/BatchNorm/FusedBatchNorm_grad/tuple/control_dependency_2
4.0,8192.0,gradients/resnet_v2_200/block3/unit_35/bottleneck_v2/conv1/BatchNorm/FusedBatchNorm_grad/tuple/control_dependency_1
4.0,32768.0,gradients/resnet_v2_200/block3/unit_34/bottleneck_v2/conv3/BiasAdd_grad/tuple/control_dependency_1
4.0,32768.0,gradients/resnet_v2_200/block3/unit_35/bottleneck_v2/preact/FusedBatchNorm_grad/tuple/control_dependency_1
4.0,32768.0,gradients/resnet_v2_200/block3/unit_35/bottleneck_v2/preact/FusedBatchNorm_grad/tuple/control_dependency_2
4.0,8388608.0,gradients/AddN_20
4.0,8388608.0,gradients/AddN_22
4.0,18874368.0,gradients/AddN_19
5.0,8192.0,gradients/resnet_v2_200/block3/unit_33/bottleneck_v2/conv2/BatchNorm/FusedBatchNorm_grad/tuple/control_dependency_1
5.0,8192.0,gradients/resnet_v2_200/block3/unit_34/bottleneck_v2/conv1/BatchNorm/FusedBatchNorm_grad/tuple/control_dependency_2
5.0,8192.0,gradients/resnet_v2_200/block3/unit_33/bottleneck_v2/conv2/BatchNorm/FusedBatchNorm_grad/tuple/control_dependency_2
5.0,8192.0,gradients/resnet_v2_200/block3/unit_34/bottleneck_v2/conv1/BatchNorm/FusedBatchNorm_grad/tuple/control_dependency_1
5.0,32768.0,gradients/resnet_v2_200/block3/unit_33/bottleneck_v2/conv3/BiasAdd_grad/tuple/control_dependency_1
5.0,32768.0,gradients/resnet_v2_200/block3/unit_34/bottleneck_v2/preact/FusedBatchNorm_grad/tuple/control_dependency_1
5.0,32768.0,gradients/resnet_v2_200/block3/unit_34/bottleneck_v2/preact/FusedBatchNorm_grad/tuple/control_dependency_2
5.0,8388608.0,gradients/AddN_24
5.0,8388608.0,gradients/AddN_26
5.0,18874368.0,gradients/AddN_23
5.0,18874368.0,gradients/AddN_27
6.0,8192.0,gradients/resnet_v2_200/block3/unit_32/bottleneck_v2/conv2/BatchNorm/FusedBatchNorm_grad/tuple/control_dependency_1
6.0,8192.0,gradients/resnet_v2_200/block3/unit_32/bottleneck_v2/conv1/BatchNorm/FusedBatchNorm_grad/tuple/control_dependency_2
6.0,8192.0,gradients/resnet_v2_200/block3/unit_33/bottleneck_v2/conv1/BatchNorm/FusedBatchNorm_grad/tuple/control_dependency_2
6.0,8192.0,gradients/resnet_v2_200/block3/unit_32/bottleneck_v2/conv2/BatchNorm/FusedBatchNorm_grad/tuple/control_dependency_2
6.0,8192.0,gradients/resnet_v2_200/block3/unit_32/bottleneck_v2/conv1/BatchNorm/FusedBatchNorm_grad/tuple/control_dependency_1
6.0,8192.0,gradients/resnet_v2_200/block3/unit_33/bottleneck_v2/conv1/BatchNorm/FusedBatchNorm_grad/tuple/control_dependency_1
6.0,32768.0,gradients/resnet_v2_200/block3/unit_32/bottleneck_v2/conv3/BiasAdd_grad/tuple/control_dependency_1
6.0,32768.0,gradients/resnet_v2_200/block3/unit_33/bottleneck_v2/preact/FusedBatchNorm_grad/tuple/control_dependency_1
6.0,32768.0,gradients/resnet_v2_200/block3/unit_33/bottleneck_v2/preact/FusedBatchNorm_grad/tuple/control_dependency_2
6.0,8388608.0,gradients/AddN_28
6.0,8388608.0,gradients/AddN_30
6.0,18874368.0,gradients/AddN_31
7.0,8192.0,gradients/resnet_v2_200/block3/unit_31/bottleneck_v2/conv2/BatchNorm/FusedBatchNorm_grad/tuple/control_dependency_1
7.0,8192.0,gradients/resnet_v2_200/block3/unit_31/bottleneck_v2/conv1/BatchNorm/FusedBatchNorm_grad/tuple/control_dependency_2
7.0,8192.0,gradients/resnet_v2_200/block3/unit_31/bottleneck_v2/conv2/BatchNorm/FusedBatchNorm_grad/tuple/control_dependency_2
7.0,8192.0,gradients/resnet_v2_200/block3/unit_31/bottleneck_v2/conv1/BatchNorm/FusedBatchNorm_grad/tuple/control_dependency_1
7.0,32768.0,gradients/resnet_v2_200/block3/unit_31/bottleneck_v2/conv3/BiasAdd_grad/tuple/control_dependency_1
7.0,32768.0,gradients/resnet_v2_200/block3/unit_32/bottleneck_v2/preact/FusedBatchNorm_grad/tuple/control_dependency_1
7.0,32768.0,gradients/resnet_v2_200/block3/unit_32/bottleneck_v2/preact/FusedBatchNorm_grad/tuple/control_dependency_2
7.0,8388608.0,gradients/AddN_32
7.0,8388608.0,gradients/AddN_34
7.0,18874368.0,gradients/AddN_35
8.0,8192.0,gradients/resnet_v2_200/block3/unit_30/bottleneck_v2/conv2/BatchNorm/FusedBatchNorm_grad/tuple/control_dependency_1
8.0,8192.0,gradients/resnet_v2_200/block3/unit_30/bottleneck_v2/conv1/BatchNorm/FusedBatchNorm_grad/tuple/control_dependency_2
8.0,8192.0,gradients/resnet_v2_200/block3/unit_30/bottleneck_v2/conv2/BatchNorm/FusedBatchNorm_grad/tuple/control_dependency_2
8.0,8192.0,gradients/resnet_v2_200/block3/unit_30/bottleneck_v2/conv1/BatchNorm/FusedBatchNorm_grad/tuple/control_dependency_1
8.0,32768.0,gradients/resnet_v2_200/block3/unit_30/bottleneck_v2/conv3/BiasAdd_grad/tuple/control_dependency_1
8.0,32768.0,gradients/resnet_v2_200/block3/unit_31/bottleneck_v2/preact/FusedBatchNorm_grad/tuple/control_dependency_1
8.0,32768.0,gradients/resnet_v2_200/block3/unit_31/bottleneck_v2/preact/FusedBatchNorm_grad/tuple/control_dependency_2
8.0,8388608.0,gradients/AddN_36
8.0,8388608.0,gradients/AddN_40
8.0,8388608.0,gradients/AddN_38
8.0,18874368.0,gradients/AddN_39
9.0,8192.0,gradients/resnet_v2_200/block3/unit_29/bottleneck_v2/conv2/BatchNorm/FusedBatchNorm_grad/tuple/control_dependency_1
9.0,8192.0,gradients/resnet_v2_200/block3/unit_29/bottleneck_v2/conv1/BatchNorm/FusedBatchNorm_grad/tuple/control_dependency_2
9.0,8192.0,gradients/resnet_v2_200/block3/unit_29/bottleneck_v2/conv2/BatchNorm/FusedBatchNorm_grad/tuple/control_dependency_2
9.0,8192.0,gradients/resnet_v2_200/block3/unit_29/bottleneck_v2/conv1/BatchNorm/FusedBatchNorm_grad/tuple/control_dependency_1
9.0,32768.0,gradients/resnet_v2_200/block3/unit_29/bottleneck_v2/conv3/BiasAdd_grad/tuple/control_dependency_1
9.0,32768.0,gradients/resnet_v2_200/block3/unit_29/bottleneck_v2/preact/FusedBatchNorm_grad/tuple/control_dependency_1
9.0,32768.0,gradients/resnet_v2_200/block3/unit_30/bottleneck_v2/preact/FusedBatchNorm_grad/tuple/control_dependency_1
9.0,32768.0,gradients/resnet_v2_200/block3/unit_30/bottleneck_v2/preact/FusedBatchNorm_grad/tuple/control_dependency_2
9.0,8388608.0,gradients/AddN_44
9.0,8388608.0,gradients/AddN_42
9.0,18874368.0,gradients/AddN_43
10.0,8192.0,gradients/resnet_v2_200/block3/unit_28/bottleneck_v2/conv2/BatchNorm/FusedBatchNorm_grad/tuple/control_dependency_1
10.0,8192.0,gradients/resnet_v2_200/block3/unit_28/bottleneck_v2/conv1/BatchNorm/FusedBatchNorm_grad/tuple/control_dependency_2
10.0,8192.0,gradients/resnet_v2_200/block3/unit_28/bottleneck_v2/conv2/BatchNorm/FusedBatchNorm_grad/tuple/control_dependency_2
10.0,8192.0,gradients/resnet_v2_200/block3/unit_28/bottleneck_v2/conv1/BatchNorm/FusedBatchNorm_grad/tuple/control_dependency_1
10.0,32768.0,gradients/resnet_v2_200/block3/unit_28/bottleneck_v2/conv3/BiasAdd_grad/tuple/control_dependency_1
10.0,32768.0,gradients/resnet_v2_200/block3/unit_28/bottleneck_v2/preact/FusedBatchNorm_grad/tuple/control_dependency_1
10.0,32768.0,gradients/resnet_v2_200/block3/unit_29/bottleneck_v2/preact/FusedBatchNorm_grad/tuple/control_dependency_2
10.0,8388608.0,gradients/AddN_48
10.0,8388608.0,gradients/AddN_46
10.0,18874368.0,gradients/AddN_47
11.0,8192.0,gradients/resnet_v2_200/block3/unit_27/bottleneck_v2/conv2/BatchNorm/FusedBatchNorm_grad/tuple/control_dependency_1
11.0,8192.0,gradients/resnet_v2_200/block3/unit_27/bottleneck_v2/conv1/BatchNorm/FusedBatchNorm_grad/tuple/control_dependency_2
11.0,8192.0,gradients/resnet_v2_200/block3/unit_27/bottleneck_v2/conv2/BatchNorm/FusedBatchNorm_grad/tuple/control_dependency_2
11.0,8192.0,gradients/resnet_v2_200/block3/unit_27/bottleneck_v2/conv1/BatchNorm/FusedBatchNorm_grad/tuple/control_dependency_1
11.0,32768.0,gradients/resnet_v2_200/block3/unit_27/bottleneck_v2/conv3/BiasAdd_grad/tuple/control_dependency_1
11.0,32768.0,gradients/resnet_v2_200/block3/unit_27/bottleneck_v2/preact/FusedBatchNorm_grad/tuple/control_dependency_1
11.0,32768.0,gradients/resnet_v2_200/block3/unit_28/bottleneck_v2/preact/FusedBatchNorm_grad/tuple/control_dependency_2
11.0,8388608.0,gradients/AddN_52
11.0,8388608.0,gradients/AddN_50
11.0,18874368.0,gradients/AddN_51
12.0,8192.0,gradients/resnet_v2_200/block3/unit_26/bottleneck_v2/conv2/BatchNorm/FusedBatchNorm_grad/tuple/control_dependency_1
12.0,8192.0,gradients/resnet_v2_200/block3/unit_26/bottleneck_v2/conv1/BatchNorm/FusedBatchNorm_grad/tuple/control_dependency_2
12.0,8192.0,gradients/resnet_v2_200/block3/unit_26/bottleneck_v2/conv2/BatchNorm/FusedBatchNorm_grad/tuple/control_dependency_2
12.0,8192.0,gradients/resnet_v2_200/block3/unit_26/bottleneck_v2/conv1/BatchNorm/FusedBatchNorm_grad/tuple/control_dependency_1
12.0,32768.0,gradients/resnet_v2_200/block3/unit_26/bottleneck_v2/conv3/BiasAdd_grad/tuple/control_dependency_1
12.0,32768.0,gradients/resnet_v2_200/block3/unit_27/bottleneck_v2/preact/FusedBatchNorm_grad/tuple/control_dependency_2
12.0,8388608.0,gradients/AddN_56
12.0,8388608.0,gradients/AddN_54
12.0,18874368.0,gradients/AddN_55
13.0,8192.0,gradients/resnet_v2_200/block3/unit_25/bottleneck_v2/conv2/BatchNorm/FusedBatchNorm_grad/tuple/control_dependency_1
13.0,8192.0,gradients/resnet_v2_200/block3/unit_25/bottleneck_v2/conv1/BatchNorm/FusedBatchNorm_grad/tuple/control_dependency_2
13.0,8192.0,gradients/resnet_v2_200/block3/unit_25/bottleneck_v2/conv2/BatchNorm/FusedBatchNorm_grad/tuple/control_dependency_2
13.0,8192.0,gradients/resnet_v2_200/block3/unit_25/bottleneck_v2/conv1/BatchNorm/FusedBatchNorm_grad/tuple/control_dependency_1
13.0,32768.0,gradients/resnet_v2_200/block3/unit_25/bottleneck_v2/conv3/BiasAdd_grad/tuple/control_dependency_1
13.0,32768.0,gradients/resnet_v2_200/block3/unit_26/bottleneck_v2/preact/FusedBatchNorm_grad/tuple/control_dependency_1
13.0,32768.0,gradients/resnet_v2_200/block3/unit_26/bottleneck_v2/preact/FusedBatchNorm_grad/tuple/control_dependency_2
13.0,8388608.0,gradients/AddN_58
13.0,18874368.0,gradients/AddN_59
14.0,8192.0,gradients/resnet_v2_200/block3/unit_24/bottleneck_v2/conv2/BatchNorm/FusedBatchNorm_grad/tuple/control_dependency_1
14.0,8192.0,gradients/resnet_v2_200/block3/unit_24/bottleneck_v2/conv1/BatchNorm/FusedBatchNorm_grad/tuple/control_dependency_2
14.0,8192.0,gradients/resnet_v2_200/block3/unit_24/bottleneck_v2/conv2/BatchNorm/FusedBatchNorm_grad/tuple/control_dependency_2
14.0,8192.0,gradients/resnet_v2_200/block3/unit_24/bottleneck_v2/conv1/BatchNorm/FusedBatchNorm_grad/tuple/control_dependency_1
14.0,32768.0,gradients/resnet_v2_200/block3/unit_24/bottleneck_v2/conv3/BiasAdd_grad/tuple/control_dependency_1
14.0,32768.0,gradients/resnet_v2_200/block3/unit_25/bottleneck_v2/preact/FusedBatchNorm_grad/tuple/control_dependency_1
14.0,32768.0,gradients/resnet_v2_200/block3/unit_25/bottleneck_v2/preact/FusedBatchNorm_grad/tuple/control_dependency_2
14.0,8388608.0,gradients/AddN_60
14.0,8388608.0,gradients/AddN_62
14.0,18874368.0,gradients/AddN_63
15.0,8192.0,gradients/resnet_v2_200/block3/unit_23/bottleneck_v2/conv2/BatchNorm/FusedBatchNorm_grad/tuple/control_dependency_1
15.0,8192.0,gradients/resnet_v2_200/block3/unit_23/bottleneck_v2/conv2/BatchNorm/FusedBatchNorm_grad/tuple/control_dependency_2
15.0,8192.0,gradients/resnet_v2_200/block3/unit_23/bottleneck_v2/conv1/BatchNorm/FusedBatchNorm_grad/tuple/control_dependency_1
15.0,32768.0,gradients/resnet_v2_200/block3/unit_23/bottleneck_v2/conv3/BiasAdd_grad/tuple/control_dependency_1
15.0,32768.0,gradients/resnet_v2_200/block3/unit_24/bottleneck_v2/preact/FusedBatchNorm_grad/tuple/control_dependency_1
15.0,32768.0,gradients/resnet_v2_200/block3/unit_24/bottleneck_v2/preact/FusedBatchNorm_grad/tuple/control_dependency_2
15.0,8388608.0,gradients/AddN_64
15.0,8388608.0,gradients/AddN_66
15.0,18874368.0,gradients/AddN_67
16.0,8192.0,gradients/resnet_v2_200/block3/unit_22/bottleneck_v2/conv2/BatchNorm/FusedBatchNorm_grad/tuple/control_dependency_1
16.0,8192.0,gradients/resnet_v2_200/block3/unit_23/bottleneck_v2/conv1/BatchNorm/FusedBatchNorm_grad/tuple/control_dependency_2
16.0,8192.0,gradients/resnet_v2_200/block3/unit_22/bottleneck_v2/conv2/BatchNorm/FusedBatchNorm_grad/tuple/control_dependency_2
16.0,32768.0,gradients/resnet_v2_200/block3/unit_22/bottleneck_v2/conv3/BiasAdd_grad/tuple/control_dependency_1
16.0,32768.0,gradients/resnet_v2_200/block3/unit_23/bottleneck_v2/preact/FusedBatchNorm_grad/tuple/control_dependency_1
16.0,32768.0,gradients/resnet_v2_200/block3/unit_23/bottleneck_v2/preact/FusedBatchNorm_grad/tuple/control_dependency_2
16.0,8388608.0,gradients/AddN_68
16.0,8388608.0,gradients/AddN_70
16.0,18874368.0,gradients/AddN_71
17.0,8192.0,gradients/resnet_v2_200/block3/unit_21/bottleneck_v2/conv2/BatchNorm/FusedBatchNorm_grad/tuple/control_dependency_1
17.0,8192.0,gradients/resnet_v2_200/block3/unit_22/bottleneck_v2/conv1/BatchNorm/FusedBatchNorm_grad/tuple/control_dependency_2
17.0,8192.0,gradients/resnet_v2_200/block3/unit_21/bottleneck_v2/conv2/BatchNorm/FusedBatchNorm_grad/tuple/control_dependency_2
17.0,8192.0,gradients/resnet_v2_200/block3/unit_22/bottleneck_v2/conv1/BatchNorm/FusedBatchNorm_grad/tuple/control_dependency_1
17.0,32768.0,gradients/resnet_v2_200/block3/unit_21/bottleneck_v2/conv3/BiasAdd_grad/tuple/control_dependency_1
17.0,32768.0,gradients/resnet_v2_200/block3/unit_22/bottleneck_v2/preact/FusedBatchNorm_grad/tuple/control_dependency_1
17.0,32768.0,gradients/resnet_v2_200/block3/unit_22/bottleneck_v2/preact/FusedBatchNorm_grad/tuple/control_dependency_2
17.0,8388608.0,gradients/AddN_72
17.0,8388608.0,gradients/AddN_74
18.0,8192.0,gradients/resnet_v2_200/block3/unit_20/bottleneck_v2/conv2/BatchNorm/FusedBatchNorm_grad/tuple/control_dependency_1
18.0,8192.0,gradients/resnet_v2_200/block3/unit_21/bottleneck_v2/conv1/BatchNorm/FusedBatchNorm_grad/tuple/control_dependency_2
18.0,8192.0,gradients/resnet_v2_200/block3/unit_21/bottleneck_v2/conv1/BatchNorm/FusedBatchNorm_grad/tuple/control_dependency_1
18.0,32768.0,gradients/resnet_v2_200/block3/unit_20/bottleneck_v2/conv3/BiasAdd_grad/tuple/control_dependency_1
18.0,32768.0,gradients/resnet_v2_200/block3/unit_21/bottleneck_v2/preact/FusedBatchNorm_grad/tuple/control_dependency_1
18.0,32768.0,gradients/resnet_v2_200/block3/unit_21/bottleneck_v2/preact/FusedBatchNorm_grad/tuple/control_dependency_2
18.0,8388608.0,gradients/AddN_76
18.0,8388608.0,gradients/AddN_78
18.0,18874368.0,gradients/AddN_75
19.0,8192.0,gradients/resnet_v2_200/block3/unit_20/bottleneck_v2/conv1/BatchNorm/FusedBatchNorm_grad/tuple/control_dependency_2
19.0,8192.0,gradients/resnet_v2_200/block3/unit_20/bottleneck_v2/conv2/BatchNorm/FusedBatchNorm_grad/tuple/control_dependency_2
19.0,8192.0,gradients/resnet_v2_200/block3/unit_20/bottleneck_v2/conv1/BatchNorm/FusedBatchNorm_grad/tuple/control_dependency_1
19.0,32768.0,gradients/resnet_v2_200/block3/unit_19/bottleneck_v2/conv3/BiasAdd_grad/tuple/control_dependency_1
19.0,32768.0,gradients/resnet_v2_200/block3/unit_20/bottleneck_v2/preact/FusedBatchNorm_grad/tuple/control_dependency_1
19.0,32768.0,gradients/resnet_v2_200/block3/unit_20/bottleneck_v2/preact/FusedBatchNorm_grad/tuple/control_dependency_2
19.0,8388608.0,gradients/AddN_80
19.0,8388608.0,gradients/AddN_82
19.0,18874368.0,gradients/AddN_79
20.0,8192.0,gradients/resnet_v2_200/block3/unit_19/bottleneck_v2/conv2/BatchNorm/FusedBatchNorm_grad/tuple/control_dependency_1
20.0,8192.0,gradients/resnet_v2_200/block3/unit_19/bottleneck_v2/conv1/BatchNorm/FusedBatchNorm_grad/tuple/control_dependency_2
20.0,8192.0,gradients/resnet_v2_200/block3/unit_19/bottleneck_v2/conv2/BatchNorm/FusedBatchNorm_grad/tuple/control_dependency_2
20.0,8192.0,gradients/resnet_v2_200/block3/unit_19/bottleneck_v2/conv1/BatchNorm/FusedBatchNorm_grad/tuple/control_dependency_1
20.0,32768.0,gradients/resnet_v2_200/block3/unit_18/bottleneck_v2/conv3/BiasAdd_grad/tuple/control_dependency_1
20.0,32768.0,gradients/resnet_v2_200/block3/unit_19/bottleneck_v2/preact/FusedBatchNorm_grad/tuple/control_dependency_1
20.0,32768.0,gradients/resnet_v2_200/block3/unit_19/bottleneck_v2/preact/FusedBatchNorm_grad/tuple/control_dependency_2
20.0,8388608.0,gradients/AddN_84
20.0,18874368.0,gradients/AddN_83
21.0,8192.0,gradients/resnet_v2_200/block3/unit_18/bottleneck_v2/conv2/BatchNorm/FusedBatchNorm_grad/tuple/control_dependency_1
21.0,8192.0,gradients/resnet_v2_200/block3/unit_18/bottleneck_v2/conv1/BatchNorm/FusedBatchNorm_grad/tuple/control_dependency_2
21.0,8192.0,gradients/resnet_v2_200/block3/unit_18/bottleneck_v2/conv2/BatchNorm/FusedBatchNorm_grad/tuple/control_dependency_2
21.0,8192.0,gradients/resnet_v2_200/block3/unit_18/bottleneck_v2/conv1/BatchNorm/FusedBatchNorm_grad/tuple/control_dependency_1
21.0,32768.0,gradients/resnet_v2_200/block3/unit_18/bottleneck_v2/preact/FusedBatchNorm_grad/tuple/control_dependency_1
21.0,32768.0,gradients/resnet_v2_200/block3/unit_18/bottleneck_v2/preact/FusedBatchNorm_grad/tuple/control_dependency_2
21.0,8388608.0,gradients/AddN_88
21.0,8388608.0,gradients/AddN_86
21.0,18874368.0,gradients/AddN_87
22.0,8192.0,gradients/resnet_v2_200/block3/unit_17/bottleneck_v2/conv2/BatchNorm/FusedBatchNorm_grad/tuple/control_dependency_1
22.0,8192.0,gradients/resnet_v2_200/block3/unit_17/bottleneck_v2/conv1/BatchNorm/FusedBatchNorm_grad/tuple/control_dependency_2
22.0,8192.0,gradients/resnet_v2_200/block3/unit_17/bottleneck_v2/conv2/BatchNorm/FusedBatchNorm_grad/tuple/control_dependency_2
22.0,8192.0,gradients/resnet_v2_200/block3/unit_17/bottleneck_v2/conv1/BatchNorm/FusedBatchNorm_grad/tuple/control_dependency_1
22.0,32768.0,gradients/resnet_v2_200/block3/unit_17/bottleneck_v2/conv3/BiasAdd_grad/tuple/control_dependency_1
22.0,8388608.0,gradients/AddN_92
22.0,8388608.0,gradients/AddN_90
22.0,18874368.0,gradients/AddN_91
23.0,8192.0,gradients/resnet_v2_200/block3/unit_16/bottleneck_v2/conv2/BatchNorm/FusedBatchNorm_grad/tuple/control_dependency_1
23.0,8192.0,gradients/resnet_v2_200/block3/unit_16/bottleneck_v2/conv2/BatchNorm/FusedBatchNorm_grad/tuple/control_dependency_2
23.0,32768.0,gradients/resnet_v2_200/block3/unit_16/bottleneck_v2/conv3/BiasAdd_grad/tuple/control_dependency_1
23.0,32768.0,gradients/resnet_v2_200/block3/unit_17/bottleneck_v2/preact/FusedBatchNorm_grad/tuple/control_dependency_1
23.0,32768.0,gradients/resnet_v2_200/block3/unit_17/bottleneck_v2/preact/FusedBatchNorm_grad/tuple/control_dependency_2
23.0,8388608.0,gradients/AddN_94
23.0,18874368.0,gradients/AddN_95
24.0,8192.0,gradients/resnet_v2_200/block3/unit_16/bottleneck_v2/conv1/BatchNorm/FusedBatchNorm_grad/tuple/control_dependency_2
24.0,8192.0,gradients/resnet_v2_200/block3/unit_16/bottleneck_v2/conv1/BatchNorm/FusedBatchNorm_grad/tuple/control_dependency_1
24.0,32768.0,gradients/resnet_v2_200/block3/unit_15/bottleneck_v2/conv3/BiasAdd_grad/tuple/control_dependency_1
24.0,32768.0,gradients/resnet_v2_200/block3/unit_16/bottleneck_v2/preact/FusedBatchNorm_grad/tuple/control_dependency_1
24.0,32768.0,gradients/resnet_v2_200/block3/unit_16/bottleneck_v2/preact/FusedBatchNorm_grad/tuple/control_dependency_2
24.0,8388608.0,gradients/AddN_96
24.0,8388608.0,gradients/AddN_98
25.0,8192.0,gradients/resnet_v2_200/block3/unit_15/bottleneck_v2/conv2/BatchNorm/FusedBatchNorm_grad/tuple/control_dependency_1
25.0,8192.0,gradients/resnet_v2_200/block3/unit_15/bottleneck_v2/conv2/BatchNorm/FusedBatchNorm_grad/tuple/control_dependency_2
25.0,8192.0,gradients/resnet_v2_200/block3/unit_15/bottleneck_v2/conv1/BatchNorm/FusedBatchNorm_grad/tuple/control_dependency_1
25.0,18874368.0,gradients/AddN_99
26.0,8192.0,gradients/resnet_v2_200/block3/unit_15/bottleneck_v2/conv1/BatchNorm/FusedBatchNorm_grad/tuple/control_dependency_2
26.0,32768.0,gradients/resnet_v2_200/block3/unit_14/bottleneck_v2/conv3/BiasAdd_grad/tuple/control_dependency_1
26.0,32768.0,gradients/resnet_v2_200/block3/unit_15/bottleneck_v2/preact/FusedBatchNorm_grad/tuple/control_dependency_1
26.0,32768.0,gradients/resnet_v2_200/block3/unit_15/bottleneck_v2/preact/FusedBatchNorm_grad/tuple/control_dependency_2
26.0,8388608.0,gradients/AddN_100
26.0,8388608.0,gradients/AddN_102
27.0,8192.0,gradients/resnet_v2_200/block3/unit_14/bottleneck_v2/conv2/BatchNorm/FusedBatchNorm_grad/tuple/control_dependency_1
27.0,8192.0,gradients/resnet_v2_200/block3/unit_14/bottleneck_v2/conv1/BatchNorm/FusedBatchNorm_grad/tuple/control_dependency_2
27.0,8192.0,gradients/resnet_v2_200/block3/unit_14/bottleneck_v2/conv2/BatchNorm/FusedBatchNorm_grad/tuple/control_dependency_2
27.0,8192.0,gradients/resnet_v2_200/block3/unit_14/bottleneck_v2/conv1/BatchNorm/FusedBatchNorm_grad/tuple/control_dependency_1
27.0,32768.0,gradients/resnet_v2_200/block3/unit_14/bottleneck_v2/preact/FusedBatchNorm_grad/tuple/control_dependency_1
27.0,8388608.0,gradients/AddN_104
27.0,18874368.0,gradients/AddN_103
28.0,8192.0,gradients/resnet_v2_200/block3/unit_13/bottleneck_v2/conv2/BatchNorm/FusedBatchNorm_grad/tuple/control_dependency_1
28.0,32768.0,gradients/resnet_v2_200/block3/unit_13/bottleneck_v2/conv3/BiasAdd_grad/tuple/control_dependency_1
28.0,32768.0,gradients/resnet_v2_200/block3/unit_14/bottleneck_v2/preact/FusedBatchNorm_grad/tuple/control_dependency_2
28.0,8388608.0,gradients/AddN_106
29.0,8192.0,gradients/resnet_v2_200/block3/unit_13/bottleneck_v2/conv1/BatchNorm/FusedBatchNorm_grad/tuple/control_dependency_2
29.0,8192.0,gradients/resnet_v2_200/block3/unit_13/bottleneck_v2/conv2/BatchNorm/FusedBatchNorm_grad/tuple/control_dependency_2
29.0,8192.0,gradients/resnet_v2_200/block3/unit_13/bottleneck_v2/conv1/BatchNorm/FusedBatchNorm_grad/tuple/control_dependency_1
29.0,32768.0,gradients/resnet_v2_200/block3/unit_13/bottleneck_v2/preact/FusedBatchNorm_grad/tuple/control_dependency_1
29.0,8388608.0,gradients/AddN_108
29.0,18874368.0,gradients/AddN_107
30.0,8192.0,gradients/resnet_v2_200/block3/unit_12/bottleneck_v2/conv2/BatchNorm/FusedBatchNorm_grad/tuple/control_dependency_1
30.0,8192.0,gradients/resnet_v2_200/block3/unit_12/bottleneck_v2/conv2/BatchNorm/FusedBatchNorm_grad/tuple/control_dependency_2
30.0,32768.0,gradients/resnet_v2_200/block3/unit_12/bottleneck_v2/conv3/BiasAdd_grad/tuple/control_dependency_1
30.0,32768.0,gradients/resnet_v2_200/block3/unit_13/bottleneck_v2/preact/FusedBatchNorm_grad/tuple/control_dependency_2
30.0,8388608.0,gradients/AddN_110
31.0,8192.0,gradients/resnet_v2_200/block3/unit_12/bottleneck_v2/conv1/BatchNorm/FusedBatchNorm_grad/tuple/control_dependency_2
31.0,8192.0,gradients/resnet_v2_200/block3/unit_12/bottleneck_v2/conv1/BatchNorm/FusedBatchNorm_grad/tuple/control_dependency_1
31.0,32768.0,gradients/resnet_v2_200/block3/unit_11/bottleneck_v2/conv3/BiasAdd_grad/tuple/control_dependency_1
31.0,32768.0,gradients/resnet_v2_200/block3/unit_12/bottleneck_v2/preact/FusedBatchNorm_grad/tuple/control_dependency_1
31.0,32768.0,gradients/resnet_v2_200/block3/unit_12/bottleneck_v2/preact/FusedBatchNorm_grad/tuple/control_dependency_2
31.0,8388608.0,gradients/AddN_112
31.0,18874368.0,gradients/AddN_111
32.0,8192.0,gradients/resnet_v2_200/block3/unit_11/bottleneck_v2/conv2/BatchNorm/FusedBatchNorm_grad/tuple/control_dependency_1
32.0,8192.0,gradients/resnet_v2_200/block3/unit_11/bottleneck_v2/conv2/BatchNorm/FusedBatchNorm_grad/tuple/control_dependency_2
32.0,8192.0,gradients/resnet_v2_200/block3/unit_11/bottleneck_v2/conv1/BatchNorm/FusedBatchNorm_grad/tuple/control_dependency_1
32.0,8388608.0,gradients/AddN_114
32.0,18874368.0,gradients/AddN_115
33.0,8192.0,gradients/resnet_v2_200/block3/unit_11/bottleneck_v2/conv1/BatchNorm/FusedBatchNorm_grad/tuple/control_dependency_2
33.0,32768.0,gradients/resnet_v2_200/block3/unit_10/bottleneck_v2/conv3/BiasAdd_grad/tuple/control_dependency_1
33.0,32768.0,gradients/resnet_v2_200/block3/unit_11/bottleneck_v2/preact/FusedBatchNorm_grad/tuple/control_dependency_1
33.0,32768.0,gradients/resnet_v2_200/block3/unit_11/bottleneck_v2/preact/FusedBatchNorm_grad/tuple/control_dependency_2
33.0,8388608.0,gradients/AddN_116
33.0,8388608.0,gradients/AddN_118
36.0,8192.0,gradients/resnet_v2_200/block3/unit_10/bottleneck_v2/conv2/BatchNorm/FusedBatchNorm_grad/tuple/control_dependency_1
36.0,8192.0,gradients/resnet_v2_200/block3/unit_10/bottleneck_v2/conv2/BatchNorm/FusedBatchNorm_grad/tuple/control_dependency_2
37.0,8192.0,gradients/resnet_v2_200/block3/unit_10/bottleneck_v2/conv1/BatchNorm/FusedBatchNorm_grad/tuple/control_dependency_2
37.0,8192.0,gradients/resnet_v2_200/block3/unit_10/bottleneck_v2/conv1/BatchNorm/FusedBatchNorm_grad/tuple/control_dependency_1
37.0,18874368.0,gradients/AddN_119
38.0,8388608.0,gradients/AddN_120
39.0,32768.0,gradients/resnet_v2_200/block3/unit_9/bottleneck_v2/conv3/BiasAdd_grad/tuple/control_dependency_1
39.0,32768.0,gradients/resnet_v2_200/block3/unit_10/bottleneck_v2/preact/FusedBatchNorm_grad/tuple/control_dependency_1
39.0,32768.0,gradients/resnet_v2_200/block3/unit_10/bottleneck_v2/preact/FusedBatchNorm_grad/tuple/control_dependency_2
42.0,8388608.0,gradients/AddN_122
46.0,8192.0,gradients/resnet_v2_200/block3/unit_9/bottleneck_v2/conv2/BatchNorm/FusedBatchNorm_grad/tuple/control_dependency_1
46.0,8192.0,gradients/resnet_v2_200/block3/unit_9/bottleneck_v2/conv2/BatchNorm/FusedBatchNorm_grad/tuple/control_dependency_2
47.0,8192.0,gradients/resnet_v2_200/block3/unit_9/bottleneck_v2/conv1/BatchNorm/FusedBatchNorm_grad/tuple/control_dependency_2
47.0,8192.0,gradients/resnet_v2_200/block3/unit_9/bottleneck_v2/conv1/BatchNorm/FusedBatchNorm_grad/tuple/control_dependency_1
47.0,18874368.0,gradients/AddN_123
48.0,32768.0,gradients/resnet_v2_200/block3/unit_8/bottleneck_v2/conv3/BiasAdd_grad/tuple/control_dependency_1
48.0,32768.0,gradients/resnet_v2_200/block3/unit_9/bottleneck_v2/preact/FusedBatchNorm_grad/tuple/control_dependency_1
48.0,32768.0,gradients/resnet_v2_200/block3/unit_9/bottleneck_v2/preact/FusedBatchNorm_grad/tuple/control_dependency_2
48.0,8388608.0,gradients/AddN_124
49.0,8388608.0,gradients/AddN_126
50.0,8192.0,gradients/resnet_v2_200/block3/unit_8/bottleneck_v2/conv2/BatchNorm/FusedBatchNorm_grad/tuple/control_dependency_1
50.0,8192.0,gradients/resnet_v2_200/block3/unit_8/bottleneck_v2/conv2/BatchNorm/FusedBatchNorm_grad/tuple/control_dependency_2
50.0,18874368.0,gradients/AddN_127
51.0,8192.0,gradients/resnet_v2_200/block3/unit_8/bottleneck_v2/conv1/BatchNorm/FusedBatchNorm_grad/tuple/control_dependency_2
51.0,8192.0,gradients/resnet_v2_200/block3/unit_8/bottleneck_v2/conv1/BatchNorm/FusedBatchNorm_grad/tuple/control_dependency_1
52.0,32768.0,gradients/resnet_v2_200/block3/unit_7/bottleneck_v2/conv3/BiasAdd_grad/tuple/control_dependency_1
52.0,32768.0,gradients/resnet_v2_200/block3/unit_8/bottleneck_v2/preact/FusedBatchNorm_grad/tuple/control_dependency_1
52.0,32768.0,gradients/resnet_v2_200/block3/unit_8/bottleneck_v2/preact/FusedBatchNorm_grad/tuple/control_dependency_2
52.0,8388608.0,gradients/AddN_128
54.0,8388608.0,gradients/AddN_130
57.0,8192.0,gradients/resnet_v2_200/block3/unit_7/bottleneck_v2/conv2/BatchNorm/FusedBatchNorm_grad/tuple/control_dependency_1
57.0,8192.0,gradients/resnet_v2_200/block3/unit_7/bottleneck_v2/conv2/BatchNorm/FusedBatchNorm_grad/tuple/control_dependency_2
57.0,18874368.0,gradients/AddN_131
58.0,8192.0,gradients/resnet_v2_200/block3/unit_7/bottleneck_v2/conv1/BatchNorm/FusedBatchNorm_grad/tuple/control_dependency_2
58.0,8192.0,gradients/resnet_v2_200/block3/unit_7/bottleneck_v2/conv1/BatchNorm/FusedBatchNorm_grad/tuple/control_dependency_1
59.0,32768.0,gradients/resnet_v2_200/block3/unit_6/bottleneck_v2/conv3/BiasAdd_grad/tuple/control_dependency_1
59.0,32768.0,gradients/resnet_v2_200/block3/unit_7/bottleneck_v2/preact/FusedBatchNorm_grad/tuple/control_dependency_1
59.0,32768.0,gradients/resnet_v2_200/block3/unit_7/bottleneck_v2/preact/FusedBatchNorm_grad/tuple/control_dependency_2
59.0,8388608.0,gradients/AddN_132
60.0,8388608.0,gradients/AddN_134
63.0,8192.0,gradients/resnet_v2_200/block3/unit_6/bottleneck_v2/conv2/BatchNorm/FusedBatchNorm_grad/tuple/control_dependency_1
64.0,8192.0,gradients/resnet_v2_200/block3/unit_6/bottleneck_v2/conv1/BatchNorm/FusedBatchNorm_grad/tuple/control_dependency_2
64.0,8192.0,gradients/resnet_v2_200/block3/unit_6/bottleneck_v2/conv2/BatchNorm/FusedBatchNorm_grad/tuple/control_dependency_2
64.0,8192.0,gradients/resnet_v2_200/block3/unit_6/bottleneck_v2/conv1/BatchNorm/FusedBatchNorm_grad/tuple/control_dependency_1
64.0,18874368.0,gradients/AddN_135
66.0,32768.0,gradients/resnet_v2_200/block3/unit_5/bottleneck_v2/conv3/BiasAdd_grad/tuple/control_dependency_1
66.0,32768.0,gradients/resnet_v2_200/block3/unit_6/bottleneck_v2/preact/FusedBatchNorm_grad/tuple/control_dependency_1
66.0,32768.0,gradients/resnet_v2_200/block3/unit_6/bottleneck_v2/preact/FusedBatchNorm_grad/tuple/control_dependency_2
66.0,8388608.0,gradients/AddN_136
67.0,8388608.0,gradients/AddN_138
70.0,8192.0,gradients/resnet_v2_200/block3/unit_5/bottleneck_v2/conv2/BatchNorm/FusedBatchNorm_grad/tuple/control_dependency_1
70.0,8192.0,gradients/resnet_v2_200/block3/unit_5/bottleneck_v2/conv2/BatchNorm/FusedBatchNorm_grad/tuple/control_dependency_2
71.0,8192.0,gradients/resnet_v2_200/block3/unit_5/bottleneck_v2/conv1/BatchNorm/FusedBatchNorm_grad/tuple/control_dependency_2
71.0,8192.0,gradients/resnet_v2_200/block3/unit_5/bottleneck_v2/conv1/BatchNorm/FusedBatchNorm_grad/tuple/control_dependency_1
71.0,18874368.0,gradients/AddN_139
72.0,8388608.0,gradients/AddN_140
73.0,32768.0,gradients/resnet_v2_200/block3/unit_4/bottleneck_v2/conv3/BiasAdd_grad/tuple/control_dependency_1
73.0,32768.0,gradients/resnet_v2_200/block3/unit_5/bottleneck_v2/preact/FusedBatchNorm_grad/tuple/control_dependency_1
73.0,32768.0,gradients/resnet_v2_200/block3/unit_5/bottleneck_v2/preact/FusedBatchNorm_grad/tuple/control_dependency_2
74.0,8388608.0,gradients/AddN_142
77.0,8192.0,gradients/resnet_v2_200/block3/unit_4/bottleneck_v2/conv2/BatchNorm/FusedBatchNorm_grad/tuple/control_dependency_1
77.0,8192.0,gradients/resnet_v2_200/block3/unit_4/bottleneck_v2/conv2/BatchNorm/FusedBatchNorm_grad/tuple/control_dependency_2
78.0,8192.0,gradients/resnet_v2_200/block3/unit_4/bottleneck_v2/conv1/BatchNorm/FusedBatchNorm_grad/tuple/control_dependency_2
78.0,8192.0,gradients/resnet_v2_200/block3/unit_4/bottleneck_v2/conv1/BatchNorm/FusedBatchNorm_grad/tuple/control_dependency_1
78.0,18874368.0,gradients/AddN_143
79.0,32768.0,gradients/resnet_v2_200/block3/unit_4/bottleneck_v2/preact/FusedBatchNorm_grad/tuple/control_dependency_1
79.0,32768.0,gradients/resnet_v2_200/block3/unit_4/bottleneck_v2/preact/FusedBatchNorm_grad/tuple/control_dependency_2
79.0,8388608.0,gradients/AddN_144
80.0,32768.0,gradients/resnet_v2_200/block3/unit_3/bottleneck_v2/conv3/BiasAdd_grad/tuple/control_dependency_1
81.0,8388608.0,gradients/AddN_146
84.0,8192.0,gradients/resnet_v2_200/block3/unit_3/bottleneck_v2/conv2/BatchNorm/FusedBatchNorm_grad/tuple/control_dependency_1
84.0,8192.0,gradients/resnet_v2_200/block3/unit_3/bottleneck_v2/conv2/BatchNorm/FusedBatchNorm_grad/tuple/control_dependency_2
85.0,8192.0,gradients/resnet_v2_200/block3/unit_3/bottleneck_v2/conv1/BatchNorm/FusedBatchNorm_grad/tuple/control_dependency_2
85.0,8192.0,gradients/resnet_v2_200/block3/unit_3/bottleneck_v2/conv1/BatchNorm/FusedBatchNorm_grad/tuple/control_dependency_1
85.0,18874368.0,gradients/AddN_147
86.0,32768.0,gradients/resnet_v2_200/block3/unit_2/bottleneck_v2/conv3/BiasAdd_grad/tuple/control_dependency_1
86.0,32768.0,gradients/resnet_v2_200/block3/unit_3/bottleneck_v2/preact/FusedBatchNorm_grad/tuple/control_dependency_1
86.0,32768.0,gradients/resnet_v2_200/block3/unit_3/bottleneck_v2/preact/FusedBatchNorm_grad/tuple/control_dependency_2
86.0,8388608.0,gradients/AddN_148
88.0,8388608.0,gradients/AddN_150
91.0,8192.0,gradients/resnet_v2_200/block3/unit_2/bottleneck_v2/conv2/BatchNorm/FusedBatchNorm_grad/tuple/control_dependency_1
91.0,8192.0,gradients/resnet_v2_200/block3/unit_2/bottleneck_v2/conv2/BatchNorm/FusedBatchNorm_grad/tuple/control_dependency_2
91.0,18874368.0,gradients/AddN_151
92.0,8192.0,gradients/resnet_v2_200/block3/unit_2/bottleneck_v2/conv1/BatchNorm/FusedBatchNorm_grad/tuple/control_dependency_2
92.0,8192.0,gradients/resnet_v2_200/block3/unit_2/bottleneck_v2/conv1/BatchNorm/FusedBatchNorm_grad/tuple/control_dependency_1
93.0,32768.0,gradients/resnet_v2_200/block3/unit_1/bottleneck_v2/shortcut/BiasAdd_grad/tuple/control_dependency_1
93.0,32768.0,gradients/resnet_v2_200/block3/unit_2/bottleneck_v2/preact/FusedBatchNorm_grad/tuple/control_dependency_1
93.0,32768.0,gradients/resnet_v2_200/block3/unit_2/bottleneck_v2/preact/FusedBatchNorm_grad/tuple/control_dependency_2
93.0,8388608.0,gradients/AddN_152
94.0,32768.0,gradients/resnet_v2_200/block3/unit_1/bottleneck_v2/conv3/BiasAdd_grad/tuple/control_dependency_1
95.0,16777216.0,gradients/AddN_154
96.0,8388608.0,gradients/AddN_155
98.0,8192.0,gradients/resnet_v2_200/block3/unit_1/bottleneck_v2/conv2/BatchNorm/FusedBatchNorm_grad/tuple/control_dependency_1
98.0,8192.0,gradients/resnet_v2_200/block3/unit_1/bottleneck_v2/conv2/BatchNorm/FusedBatchNorm_grad/tuple/control_dependency_2
99.0,8192.0,gradients/resnet_v2_200/block3/unit_1/bottleneck_v2/conv1/BatchNorm/FusedBatchNorm_grad/tuple/control_dependency_1
99.0,18874368.0,gradients/AddN_156
100.0,8192.0,gradients/resnet_v2_200/block3/unit_1/bottleneck_v2/conv1/BatchNorm/FusedBatchNorm_grad/tuple/control_dependency_2
100.0,16384.0,gradients/resnet_v2_200/block3/unit_1/bottleneck_v2/preact/FusedBatchNorm_grad/tuple/control_dependency_2
100.0,16384.0,gradients/resnet_v2_200/block3/unit_1/bottleneck_v2/preact/FusedBatchNorm_grad/tuple/control_dependency_1
100.0,4194304.0,gradients/AddN_158
103.0,16384.0,gradients/resnet_v2_200/block2/unit_24/bottleneck_v2/conv3/BiasAdd_grad/tuple/control_dependency_1
104.0,2097152.0,gradients/AddN_159
106.0,4096.0,gradients/resnet_v2_200/block2/unit_24/bottleneck_v2/conv2/BatchNorm/FusedBatchNorm_grad/tuple/control_dependency_2
106.0,4096.0,gradients/resnet_v2_200/block2/unit_24/bottleneck_v2/conv2/BatchNorm/FusedBatchNorm_grad/tuple/control_dependency_1
106.0,4718592.0,gradients/AddN_160
107.0,4096.0,gradients/resnet_v2_200/block2/unit_24/bottleneck_v2/conv1/BatchNorm/FusedBatchNorm_grad/tuple/control_dependency_1
107.0,4096.0,gradients/resnet_v2_200/block2/unit_24/bottleneck_v2/conv1/BatchNorm/FusedBatchNorm_grad/tuple/control_dependency_2
109.0,16384.0,gradients/resnet_v2_200/block2/unit_24/bottleneck_v2/preact/FusedBatchNorm_grad/tuple/control_dependency_2
109.0,16384.0,gradients/resnet_v2_200/block2/unit_24/bottleneck_v2/preact/FusedBatchNorm_grad/tuple/control_dependency_1
109.0,2097152.0,gradients/AddN_161
110.0,16384.0,gradients/resnet_v2_200/block2/unit_23/bottleneck_v2/conv3/BiasAdd_grad/tuple/control_dependency_1
111.0,2097152.0,gradients/AddN_163
113.0,4096.0,gradients/resnet_v2_200/block2/unit_23/bottleneck_v2/conv2/BatchNorm/FusedBatchNorm_grad/tuple/control_dependency_2
113.0,4096.0,gradients/resnet_v2_200/block2/unit_23/bottleneck_v2/conv2/BatchNorm/FusedBatchNorm_grad/tuple/control_dependency_1
114.0,4096.0,gradients/resnet_v2_200/block2/unit_23/bottleneck_v2/conv1/BatchNorm/FusedBatchNorm_grad/tuple/control_dependency_1
114.0,4096.0,gradients/resnet_v2_200/block2/unit_23/bottleneck_v2/conv1/BatchNorm/FusedBatchNorm_grad/tuple/control_dependency_2
114.0,4718592.0,gradients/AddN_164
115.0,2097152.0,gradients/AddN_165
116.0,16384.0,gradients/resnet_v2_200/block2/unit_23/bottleneck_v2/preact/FusedBatchNorm_grad/tuple/control_dependency_2
116.0,16384.0,gradients/resnet_v2_200/block2/unit_23/bottleneck_v2/preact/FusedBatchNorm_grad/tuple/control_dependency_1
117.0,16384.0,gradients/resnet_v2_200/block2/unit_22/bottleneck_v2/conv3/BiasAdd_grad/tuple/control_dependency_1
118.0,2097152.0,gradients/AddN_167
120.0,4096.0,gradients/resnet_v2_200/block2/unit_22/bottleneck_v2/conv2/BatchNorm/FusedBatchNorm_grad/tuple/control_dependency_2
120.0,4096.0,gradients/resnet_v2_200/block2/unit_22/bottleneck_v2/conv2/BatchNorm/FusedBatchNorm_grad/tuple/control_dependency_1
121.0,4096.0,gradients/resnet_v2_200/block2/unit_22/bottleneck_v2/conv1/BatchNorm/FusedBatchNorm_grad/tuple/control_dependency_1
121.0,4096.0,gradients/resnet_v2_200/block2/unit_22/bottleneck_v2/conv1/BatchNorm/FusedBatchNorm_grad/tuple/control_dependency_2
121.0,4718592.0,gradients/AddN_168
122.0,2097152.0,gradients/AddN_169
123.0,16384.0,gradients/resnet_v2_200/block2/unit_22/bottleneck_v2/preact/FusedBatchNorm_grad/tuple/control_dependency_2
123.0,16384.0,gradients/resnet_v2_200/block2/unit_22/bottleneck_v2/preact/FusedBatchNorm_grad/tuple/control_dependency_1
124.0,16384.0,gradients/resnet_v2_200/block2/unit_21/bottleneck_v2/conv3/BiasAdd_grad/tuple/control_dependency_1
125.0,2097152.0,gradients/AddN_171
127.0,4096.0,gradients/resnet_v2_200/block2/unit_21/bottleneck_v2/conv2/BatchNorm/FusedBatchNorm_grad/tuple/control_dependency_2
127.0,4096.0,gradients/resnet_v2_200/block2/unit_21/bottleneck_v2/conv2/BatchNorm/FusedBatchNorm_grad/tuple/control_dependency_1
128.0,4096.0,gradients/resnet_v2_200/block2/unit_21/bottleneck_v2/conv1/BatchNorm/FusedBatchNorm_grad/tuple/control_dependency_1
128.0,4096.0,gradients/resnet_v2_200/block2/unit_21/bottleneck_v2/conv1/BatchNorm/FusedBatchNorm_grad/tuple/control_dependency_2
128.0,4718592.0,gradients/AddN_172
129.0,16384.0,gradients/resnet_v2_200/block2/unit_21/bottleneck_v2/preact/FusedBatchNorm_grad/tuple/control_dependency_1
129.0,2097152.0,gradients/AddN_173
130.0,16384.0,gradients/resnet_v2_200/block2/unit_21/bottleneck_v2/preact/FusedBatchNorm_grad/tuple/control_dependency_2
130.0,16384.0,gradients/resnet_v2_200/block2/unit_20/bottleneck_v2/conv3/BiasAdd_grad/tuple/control_dependency_1
132.0,2097152.0,gradients/AddN_175
134.0,4096.0,gradients/resnet_v2_200/block2/unit_20/bottleneck_v2/conv2/BatchNorm/FusedBatchNorm_grad/tuple/control_dependency_2
134.0,4096.0,gradients/resnet_v2_200/block2/unit_20/bottleneck_v2/conv2/BatchNorm/FusedBatchNorm_grad/tuple/control_dependency_1
134.0,4718592.0,gradients/AddN_176
135.0,4096.0,gradients/resnet_v2_200/block2/unit_20/bottleneck_v2/conv1/BatchNorm/FusedBatchNorm_grad/tuple/control_dependency_1
135.0,4096.0,gradients/resnet_v2_200/block2/unit_20/bottleneck_v2/conv1/BatchNorm/FusedBatchNorm_grad/tuple/control_dependency_2
136.0,16384.0,gradients/resnet_v2_200/block2/unit_20/bottleneck_v2/preact/FusedBatchNorm_grad/tuple/control_dependency_1
136.0,2097152.0,gradients/AddN_177
137.0,16384.0,gradients/resnet_v2_200/block2/unit_20/bottleneck_v2/preact/FusedBatchNorm_grad/tuple/control_dependency_2
137.0,16384.0,gradients/resnet_v2_200/block2/unit_19/bottleneck_v2/conv3/BiasAdd_grad/tuple/control_dependency_1
139.0,2097152.0,gradients/AddN_179
140.0,4096.0,gradients/resnet_v2_200/block2/unit_19/bottleneck_v2/conv2/BatchNorm/FusedBatchNorm_grad/tuple/control_dependency_1
141.0,4096.0,gradients/resnet_v2_200/block2/unit_19/bottleneck_v2/conv2/BatchNorm/FusedBatchNorm_grad/tuple/control_dependency_2
141.0,4096.0,gradients/resnet_v2_200/block2/unit_19/bottleneck_v2/conv1/BatchNorm/FusedBatchNorm_grad/tuple/control_dependency_1
141.0,4718592.0,gradients/AddN_180
142.0,4096.0,gradients/resnet_v2_200/block2/unit_19/bottleneck_v2/conv1/BatchNorm/FusedBatchNorm_grad/tuple/control_dependency_2
143.0,16384.0,gradients/resnet_v2_200/block2/unit_19/bottleneck_v2/preact/FusedBatchNorm_grad/tuple/control_dependency_2
143.0,16384.0,gradients/resnet_v2_200/block2/unit_19/bottleneck_v2/preact/FusedBatchNorm_grad/tuple/control_dependency_1
143.0,2097152.0,gradients/AddN_181
144.0,16384.0,gradients/resnet_v2_200/block2/unit_18/bottleneck_v2/conv3/BiasAdd_grad/tuple/control_dependency_1
146.0,2097152.0,gradients/AddN_183
147.0,4096.0,gradients/resnet_v2_200/block2/unit_18/bottleneck_v2/conv2/BatchNorm/FusedBatchNorm_grad/tuple/control_dependency_2
147.0,4096.0,gradients/resnet_v2_200/block2/unit_18/bottleneck_v2/conv2/BatchNorm/FusedBatchNorm_grad/tuple/control_dependency_1
148.0,4096.0,gradients/resnet_v2_200/block2/unit_18/bottleneck_v2/conv1/BatchNorm/FusedBatchNorm_grad/tuple/control_dependency_1
148.0,4096.0,gradients/resnet_v2_200/block2/unit_18/bottleneck_v2/conv1/BatchNorm/FusedBatchNorm_grad/tuple/control_dependency_2
148.0,4718592.0,gradients/AddN_184
150.0,16384.0,gradients/resnet_v2_200/block2/unit_18/bottleneck_v2/preact/FusedBatchNorm_grad/tuple/control_dependency_2
150.0,16384.0,gradients/resnet_v2_200/block2/unit_18/bottleneck_v2/preact/FusedBatchNorm_grad/tuple/control_dependency_1
150.0,2097152.0,gradients/AddN_185
151.0,16384.0,gradients/resnet_v2_200/block2/unit_17/bottleneck_v2/conv3/BiasAdd_grad/tuple/control_dependency_1
153.0,2097152.0,gradients/AddN_187
154.0,4096.0,gradients/resnet_v2_200/block2/unit_17/bottleneck_v2/conv2/BatchNorm/FusedBatchNorm_grad/tuple/control_dependency_2
154.0,4096.0,gradients/resnet_v2_200/block2/unit_17/bottleneck_v2/conv2/BatchNorm/FusedBatchNorm_grad/tuple/control_dependency_1
155.0,4096.0,gradients/resnet_v2_200/block2/unit_17/bottleneck_v2/conv1/BatchNorm/FusedBatchNorm_grad/tuple/control_dependency_1
155.0,4096.0,gradients/resnet_v2_200/block2/unit_17/bottleneck_v2/conv1/BatchNorm/FusedBatchNorm_grad/tuple/control_dependency_2
155.0,4718592.0,gradients/AddN_188
157.0,16384.0,gradients/resnet_v2_200/block2/unit_17/bottleneck_v2/preact/FusedBatchNorm_grad/tuple/control_dependency_2
157.0,16384.0,gradients/resnet_v2_200/block2/unit_17/bottleneck_v2/preact/FusedBatchNorm_grad/tuple/control_dependency_1
157.0,2097152.0,gradients/AddN_189
158.0,16384.0,gradients/resnet_v2_200/block2/unit_16/bottleneck_v2/conv3/BiasAdd_grad/tuple/control_dependency_1
160.0,2097152.0,gradients/AddN_191
161.0,4096.0,gradients/resnet_v2_200/block2/unit_16/bottleneck_v2/conv2/BatchNorm/FusedBatchNorm_grad/tuple/control_dependency_2
161.0,4096.0,gradients/resnet_v2_200/block2/unit_16/bottleneck_v2/conv2/BatchNorm/FusedBatchNorm_grad/tuple/control_dependency_1
162.0,4096.0,gradients/resnet_v2_200/block2/unit_16/bottleneck_v2/conv1/BatchNorm/FusedBatchNorm_grad/tuple/control_dependency_1
162.0,4096.0,gradients/resnet_v2_200/block2/unit_16/bottleneck_v2/conv1/BatchNorm/FusedBatchNorm_grad/tuple/control_dependency_2
162.0,4718592.0,gradients/AddN_192
164.0,16384.0,gradients/resnet_v2_200/block2/unit_16/bottleneck_v2/preact/FusedBatchNorm_grad/tuple/control_dependency_2
164.0,16384.0,gradients/resnet_v2_200/block2/unit_16/bottleneck_v2/preact/FusedBatchNorm_grad/tuple/control_dependency_1
164.0,2097152.0,gradients/AddN_193
165.0,16384.0,gradients/resnet_v2_200/block2/unit_15/bottleneck_v2/conv3/BiasAdd_grad/tuple/control_dependency_1
166.0,2097152.0,gradients/AddN_195
168.0,4096.0,gradients/resnet_v2_200/block2/unit_15/bottleneck_v2/conv2/BatchNorm/FusedBatchNorm_grad/tuple/control_dependency_2
168.0,4096.0,gradients/resnet_v2_200/block2/unit_15/bottleneck_v2/conv2/BatchNorm/FusedBatchNorm_grad/tuple/control_dependency_1
169.0,4096.0,gradients/resnet_v2_200/block2/unit_15/bottleneck_v2/conv1/BatchNorm/FusedBatchNorm_grad/tuple/control_dependency_1
169.0,4096.0,gradients/resnet_v2_200/block2/unit_15/bottleneck_v2/conv1/BatchNorm/FusedBatchNorm_grad/tuple/control_dependency_2
169.0,4718592.0,gradients/AddN_196
171.0,16384.0,gradients/resnet_v2_200/block2/unit_15/bottleneck_v2/preact/FusedBatchNorm_grad/tuple/control_dependency_2
171.0,16384.0,gradients/resnet_v2_200/block2/unit_15/bottleneck_v2/preact/FusedBatchNorm_grad/tuple/control_dependency_1
171.0,2097152.0,gradients/AddN_197
172.0,16384.0,gradients/resnet_v2_200/block2/unit_14/bottleneck_v2/conv3/BiasAdd_grad/tuple/control_dependency_1
173.0,2097152.0,gradients/AddN_199
175.0,4096.0,gradients/resnet_v2_200/block2/unit_14/bottleneck_v2/conv2/BatchNorm/FusedBatchNorm_grad/tuple/control_dependency_2
175.0,4096.0,gradients/resnet_v2_200/block2/unit_14/bottleneck_v2/conv2/BatchNorm/FusedBatchNorm_grad/tuple/control_dependency_1
176.0,4096.0,gradients/resnet_v2_200/block2/unit_14/bottleneck_v2/conv1/BatchNorm/FusedBatchNorm_grad/tuple/control_dependency_1
176.0,4096.0,gradients/resnet_v2_200/block2/unit_14/bottleneck_v2/conv1/BatchNorm/FusedBatchNorm_grad/tuple/control_dependency_2
176.0,4718592.0,gradients/AddN_200
177.0,2097152.0,gradients/AddN_201
178.0,16384.0,gradients/resnet_v2_200/block2/unit_14/bottleneck_v2/preact/FusedBatchNorm_grad/tuple/control_dependency_2
178.0,16384.0,gradients/resnet_v2_200/block2/unit_14/bottleneck_v2/preact/FusedBatchNorm_grad/tuple/control_dependency_1
179.0,16384.0,gradients/resnet_v2_200/block2/unit_13/bottleneck_v2/conv3/BiasAdd_grad/tuple/control_dependency_1
180.0,2097152.0,gradients/AddN_203
182.0,4096.0,gradients/resnet_v2_200/block2/unit_13/bottleneck_v2/conv2/BatchNorm/FusedBatchNorm_grad/tuple/control_dependency_2
182.0,4096.0,gradients/resnet_v2_200/block2/unit_13/bottleneck_v2/conv2/BatchNorm/FusedBatchNorm_grad/tuple/control_dependency_1
183.0,4096.0,gradients/resnet_v2_200/block2/unit_13/bottleneck_v2/conv1/BatchNorm/FusedBatchNorm_grad/tuple/control_dependency_1
183.0,4096.0,gradients/resnet_v2_200/block2/unit_13/bottleneck_v2/conv1/BatchNorm/FusedBatchNorm_grad/tuple/control_dependency_2
183.0,4718592.0,gradients/AddN_204
184.0,2097152.0,gradients/AddN_205
185.0,16384.0,gradients/resnet_v2_200/block2/unit_13/bottleneck_v2/preact/FusedBatchNorm_grad/tuple/control_dependency_2
185.0,16384.0,gradients/resnet_v2_200/block2/unit_13/bottleneck_v2/preact/FusedBatchNorm_grad/tuple/control_dependency_1
186.0,16384.0,gradients/resnet_v2_200/block2/unit_12/bottleneck_v2/conv3/BiasAdd_grad/tuple/control_dependency_1
187.0,2097152.0,gradients/AddN_207
189.0,4096.0,gradients/resnet_v2_200/block2/unit_12/bottleneck_v2/conv2/BatchNorm/FusedBatchNorm_grad/tuple/control_dependency_2
189.0,4096.0,gradients/resnet_v2_200/block2/unit_12/bottleneck_v2/conv2/BatchNorm/FusedBatchNorm_grad/tuple/control_dependency_1
190.0,4096.0,gradients/resnet_v2_200/block2/unit_12/bottleneck_v2/conv1/BatchNorm/FusedBatchNorm_grad/tuple/control_dependency_1
190.0,4096.0,gradients/resnet_v2_200/block2/unit_12/bottleneck_v2/conv1/BatchNorm/FusedBatchNorm_grad/tuple/control_dependency_2
190.0,4718592.0,gradients/AddN_208
191.0,16384.0,gradients/resnet_v2_200/block2/unit_12/bottleneck_v2/preact/FusedBatchNorm_grad/tuple/control_dependency_1
191.0,2097152.0,gradients/AddN_209
192.0,16384.0,gradients/resnet_v2_200/block2/unit_12/bottleneck_v2/preact/FusedBatchNorm_grad/tuple/control_dependency_2
192.0,16384.0,gradients/resnet_v2_200/block2/unit_11/bottleneck_v2/conv3/BiasAdd_grad/tuple/control_dependency_1
194.0,2097152.0,gradients/AddN_211
196.0,4096.0,gradients/resnet_v2_200/block2/unit_11/bottleneck_v2/conv2/BatchNorm/FusedBatchNorm_grad/tuple/control_dependency_2
196.0,4096.0,gradients/resnet_v2_200/block2/unit_11/bottleneck_v2/conv2/BatchNorm/FusedBatchNorm_grad/tuple/control_dependency_1
196.0,4718592.0,gradients/AddN_212
197.0,4096.0,gradients/resnet_v2_200/block2/unit_11/bottleneck_v2/conv1/BatchNorm/FusedBatchNorm_grad/tuple/control_dependency_1
197.0,4096.0,gradients/resnet_v2_200/block2/unit_11/bottleneck_v2/conv1/BatchNorm/FusedBatchNorm_grad/tuple/control_dependency_2
198.0,16384.0,gradients/resnet_v2_200/block2/unit_11/bottleneck_v2/preact/FusedBatchNorm_grad/tuple/control_dependency_1
198.0,2097152.0,gradients/AddN_213
199.0,16384.0,gradients/resnet_v2_200/block2/unit_11/bottleneck_v2/preact/FusedBatchNorm_grad/tuple/control_dependency_2
199.0,16384.0,gradients/resnet_v2_200/block2/unit_10/bottleneck_v2/conv3/BiasAdd_grad/tuple/control_dependency_1
201.0,2097152.0,gradients/AddN_215
202.0,4096.0,gradients/resnet_v2_200/block2/unit_10/bottleneck_v2/conv2/BatchNorm/FusedBatchNorm_grad/tuple/control_dependency_2
202.0,4096.0,gradients/resnet_v2_200/block2/unit_10/bottleneck_v2/conv2/BatchNorm/FusedBatchNorm_grad/tuple/control_dependency_1
203.0,4718592.0,gradients/AddN_216
204.0,4096.0,gradients/resnet_v2_200/block2/unit_10/bottleneck_v2/conv1/BatchNorm/FusedBatchNorm_grad/tuple/control_dependency_1
204.0,4096.0,gradients/resnet_v2_200/block2/unit_10/bottleneck_v2/conv1/BatchNorm/FusedBatchNorm_grad/tuple/control_dependency_2
205.0,16384.0,gradients/resnet_v2_200/block2/unit_10/bottleneck_v2/preact/FusedBatchNorm_grad/tuple/control_dependency_1
205.0,2097152.0,gradients/AddN_217
206.0,16384.0,gradients/resnet_v2_200/block2/unit_10/bottleneck_v2/preact/FusedBatchNorm_grad/tuple/control_dependency_2
206.0,16384.0,gradients/resnet_v2_200/block2/unit_9/bottleneck_v2/conv3/BiasAdd_grad/tuple/control_dependency_1
208.0,2097152.0,gradients/AddN_219
209.0,4096.0,gradients/resnet_v2_200/block2/unit_9/bottleneck_v2/conv2/BatchNorm/FusedBatchNorm_grad/tuple/control_dependency_2
209.0,4096.0,gradients/resnet_v2_200/block2/unit_9/bottleneck_v2/conv2/BatchNorm/FusedBatchNorm_grad/tuple/control_dependency_1
210.0,4718592.0,gradients/AddN_220
211.0,4096.0,gradients/resnet_v2_200/block2/unit_9/bottleneck_v2/conv1/BatchNorm/FusedBatchNorm_grad/tuple/control_dependency_1
211.0,4096.0,gradients/resnet_v2_200/block2/unit_9/bottleneck_v2/conv1/BatchNorm/FusedBatchNorm_grad/tuple/control_dependency_2
212.0,16384.0,gradients/resnet_v2_200/block2/unit_9/bottleneck_v2/preact/FusedBatchNorm_grad/tuple/control_dependency_2
212.0,16384.0,gradients/resnet_v2_200/block2/unit_9/bottleneck_v2/preact/FusedBatchNorm_grad/tuple/control_dependency_1
212.0,2097152.0,gradients/AddN_221
213.0,16384.0,gradients/resnet_v2_200/block2/unit_8/bottleneck_v2/conv3/BiasAdd_grad/tuple/control_dependency_1
215.0,2097152.0,gradients/AddN_223
216.0,4096.0,gradients/resnet_v2_200/block2/unit_8/bottleneck_v2/conv2/BatchNorm/FusedBatchNorm_grad/tuple/control_dependency_2
216.0,4096.0,gradients/resnet_v2_200/block2/unit_8/bottleneck_v2/conv2/BatchNorm/FusedBatchNorm_grad/tuple/control_dependency_1
217.0,4096.0,gradients/resnet_v2_200/block2/unit_8/bottleneck_v2/conv1/BatchNorm/FusedBatchNorm_grad/tuple/control_dependency_1
217.0,4096.0,gradients/resnet_v2_200/block2/unit_8/bottleneck_v2/conv1/BatchNorm/FusedBatchNorm_grad/tuple/control_dependency_2
217.0,4718592.0,gradients/AddN_224
219.0,16384.0,gradients/resnet_v2_200/block2/unit_8/bottleneck_v2/preact/FusedBatchNorm_grad/tuple/control_dependency_2
219.0,16384.0,gradients/resnet_v2_200/block2/unit_8/bottleneck_v2/preact/FusedBatchNorm_grad/tuple/control_dependency_1
219.0,2097152.0,gradients/AddN_225
220.0,16384.0,gradients/resnet_v2_200/block2/unit_7/bottleneck_v2/conv3/BiasAdd_grad/tuple/control_dependency_1
222.0,2097152.0,gradients/AddN_227
223.0,4096.0,gradients/resnet_v2_200/block2/unit_7/bottleneck_v2/conv2/BatchNorm/FusedBatchNorm_grad/tuple/control_dependency_2
223.0,4096.0,gradients/resnet_v2_200/block2/unit_7/bottleneck_v2/conv2/BatchNorm/FusedBatchNorm_grad/tuple/control_dependency_1
224.0,4096.0,gradients/resnet_v2_200/block2/unit_7/bottleneck_v2/conv1/BatchNorm/FusedBatchNorm_grad/tuple/control_dependency_1
224.0,4096.0,gradients/resnet_v2_200/block2/unit_7/bottleneck_v2/conv1/BatchNorm/FusedBatchNorm_grad/tuple/control_dependency_2
224.0,4718592.0,gradients/AddN_228
226.0,16384.0,gradients/resnet_v2_200/block2/unit_7/bottleneck_v2/preact/FusedBatchNorm_grad/tuple/control_dependency_2
226.0,16384.0,gradients/resnet_v2_200/block2/unit_7/bottleneck_v2/preact/FusedBatchNorm_grad/tuple/control_dependency_1
226.0,2097152.0,gradients/AddN_229
227.0,16384.0,gradients/resnet_v2_200/block2/unit_6/bottleneck_v2/conv3/BiasAdd_grad/tuple/control_dependency_1
229.0,2097152.0,gradients/AddN_231
230.0,4096.0,gradients/resnet_v2_200/block2/unit_6/bottleneck_v2/conv2/BatchNorm/FusedBatchNorm_grad/tuple/control_dependency_2
230.0,4096.0,gradients/resnet_v2_200/block2/unit_6/bottleneck_v2/conv2/BatchNorm/FusedBatchNorm_grad/tuple/control_dependency_1
231.0,4096.0,gradients/resnet_v2_200/block2/unit_6/bottleneck_v2/conv1/BatchNorm/FusedBatchNorm_grad/tuple/control_dependency_1
231.0,4096.0,gradients/resnet_v2_200/block2/unit_6/bottleneck_v2/conv1/BatchNorm/FusedBatchNorm_grad/tuple/control_dependency_2
231.0,4718592.0,gradients/AddN_232
233.0,16384.0,gradients/resnet_v2_200/block2/unit_6/bottleneck_v2/preact/FusedBatchNorm_grad/tuple/control_dependency_2
233.0,16384.0,gradients/resnet_v2_200/block2/unit_6/bottleneck_v2/preact/FusedBatchNorm_grad/tuple/control_dependency_1
233.0,2097152.0,gradients/AddN_233
234.0,16384.0,gradients/resnet_v2_200/block2/unit_5/bottleneck_v2/conv3/BiasAdd_grad/tuple/control_dependency_1
235.0,2097152.0,gradients/AddN_235
237.0,4096.0,gradients/resnet_v2_200/block2/unit_5/bottleneck_v2/conv2/BatchNorm/FusedBatchNorm_grad/tuple/control_dependency_2
237.0,4096.0,gradients/resnet_v2_200/block2/unit_5/bottleneck_v2/conv2/BatchNorm/FusedBatchNorm_grad/tuple/control_dependency_1
238.0,4096.0,gradients/resnet_v2_200/block2/unit_5/bottleneck_v2/conv1/BatchNorm/FusedBatchNorm_grad/tuple/control_dependency_1
238.0,4096.0,gradients/resnet_v2_200/block2/unit_5/bottleneck_v2/conv1/BatchNorm/FusedBatchNorm_grad/tuple/control_dependency_2
238.0,4718592.0,gradients/AddN_236
239.0,2097152.0,gradients/AddN_237
240.0,16384.0,gradients/resnet_v2_200/block2/unit_5/bottleneck_v2/preact/FusedBatchNorm_grad/tuple/control_dependency_2
240.0,16384.0,gradients/resnet_v2_200/block2/unit_5/bottleneck_v2/preact/FusedBatchNorm_grad/tuple/control_dependency_1
241.0,16384.0,gradients/resnet_v2_200/block2/unit_4/bottleneck_v2/conv3/BiasAdd_grad/tuple/control_dependency_1
242.0,2097152.0,gradients/AddN_239
244.0,4096.0,gradients/resnet_v2_200/block2/unit_4/bottleneck_v2/conv2/BatchNorm/FusedBatchNorm_grad/tuple/control_dependency_2
244.0,4096.0,gradients/resnet_v2_200/block2/unit_4/bottleneck_v2/conv2/BatchNorm/FusedBatchNorm_grad/tuple/control_dependency_1
245.0,4096.0,gradients/resnet_v2_200/block2/unit_4/bottleneck_v2/conv1/BatchNorm/FusedBatchNorm_grad/tuple/control_dependency_1
245.0,4096.0,gradients/resnet_v2_200/block2/unit_4/bottleneck_v2/conv1/BatchNorm/FusedBatchNorm_grad/tuple/control_dependency_2
245.0,4718592.0,gradients/AddN_240
246.0,2097152.0,gradients/AddN_241
247.0,16384.0,gradients/resnet_v2_200/block2/unit_4/bottleneck_v2/preact/FusedBatchNorm_grad/tuple/control_dependency_2
247.0,16384.0,gradients/resnet_v2_200/block2/unit_4/bottleneck_v2/preact/FusedBatchNorm_grad/tuple/control_dependency_1
248.0,16384.0,gradients/resnet_v2_200/block2/unit_3/bottleneck_v2/conv3/BiasAdd_grad/tuple/control_dependency_1
249.0,2097152.0,gradients/AddN_243
251.0,4096.0,gradients/resnet_v2_200/block2/unit_3/bottleneck_v2/conv2/BatchNorm/FusedBatchNorm_grad/tuple/control_dependency_2
251.0,4096.0,gradients/resnet_v2_200/block2/unit_3/bottleneck_v2/conv2/BatchNorm/FusedBatchNorm_grad/tuple/control_dependency_1
252.0,4096.0,gradients/resnet_v2_200/block2/unit_3/bottleneck_v2/conv1/BatchNorm/FusedBatchNorm_grad/tuple/control_dependency_1
252.0,4096.0,gradients/resnet_v2_200/block2/unit_3/bottleneck_v2/conv1/BatchNorm/FusedBatchNorm_grad/tuple/control_dependency_2
252.0,4718592.0,gradients/AddN_244
253.0,16384.0,gradients/resnet_v2_200/block2/unit_3/bottleneck_v2/preact/FusedBatchNorm_grad/tuple/control_dependency_1
253.0,2097152.0,gradients/AddN_245
254.0,16384.0,gradients/resnet_v2_200/block2/unit_3/bottleneck_v2/preact/FusedBatchNorm_grad/tuple/control_dependency_2
254.0,16384.0,gradients/resnet_v2_200/block2/unit_2/bottleneck_v2/conv3/BiasAdd_grad/tuple/control_dependency_1
256.0,2097152.0,gradients/AddN_247
258.0,4096.0,gradients/resnet_v2_200/block2/unit_2/bottleneck_v2/conv2/BatchNorm/FusedBatchNorm_grad/tuple/control_dependency_2
258.0,4096.0,gradients/resnet_v2_200/block2/unit_2/bottleneck_v2/conv2/BatchNorm/FusedBatchNorm_grad/tuple/control_dependency_1
258.0,4718592.0,gradients/AddN_248
259.0,4096.0,gradients/resnet_v2_200/block2/unit_2/bottleneck_v2/conv1/BatchNorm/FusedBatchNorm_grad/tuple/control_dependency_1
259.0,4096.0,gradients/resnet_v2_200/block2/unit_2/bottleneck_v2/conv1/BatchNorm/FusedBatchNorm_grad/tuple/control_dependency_2
260.0,16384.0,gradients/resnet_v2_200/block2/unit_2/bottleneck_v2/preact/FusedBatchNorm_grad/tuple/control_dependency_1
260.0,2097152.0,gradients/AddN_249
261.0,16384.0,gradients/resnet_v2_200/block2/unit_2/bottleneck_v2/preact/FusedBatchNorm_grad/tuple/control_dependency_2
261.0,16384.0,gradients/resnet_v2_200/block2/unit_1/bottleneck_v2/shortcut/BiasAdd_grad/tuple/control_dependency_1
262.0,16384.0,gradients/resnet_v2_200/block2/unit_1/bottleneck_v2/conv3/BiasAdd_grad/tuple/control_dependency_1
263.0,2097152.0,gradients/AddN_252
263.0,4194304.0,gradients/AddN_251
265.0,4096.0,gradients/resnet_v2_200/block2/unit_1/bottleneck_v2/conv2/BatchNorm/FusedBatchNorm_grad/tuple/control_dependency_2
265.0,4096.0,gradients/resnet_v2_200/block2/unit_1/bottleneck_v2/conv2/BatchNorm/FusedBatchNorm_grad/tuple/control_dependency_1
266.0,4096.0,gradients/resnet_v2_200/block2/unit_1/bottleneck_v2/conv1/BatchNorm/FusedBatchNorm_grad/tuple/control_dependency_1
266.0,4096.0,gradients/resnet_v2_200/block2/unit_1/bottleneck_v2/conv1/BatchNorm/FusedBatchNorm_grad/tuple/control_dependency_2
266.0,4718592.0,gradients/AddN_253
267.0,1048576.0,gradients/AddN_255
268.0,8192.0,gradients/resnet_v2_200/block2/unit_1/bottleneck_v2/preact/FusedBatchNorm_grad/tuple/control_dependency_1
268.0,8192.0,gradients/resnet_v2_200/block2/unit_1/bottleneck_v2/preact/FusedBatchNorm_grad/tuple/control_dependency_2
270.0,8192.0,gradients/resnet_v2_200/block1/unit_3/bottleneck_v2/conv3/BiasAdd_grad/tuple/control_dependency_1
271.0,524288.0,gradients/AddN_256
272.0,2048.0,gradients/resnet_v2_200/block1/unit_3/bottleneck_v2/conv2/BatchNorm/FusedBatchNorm_grad/tuple/control_dependency_1
273.0,2048.0,gradients/resnet_v2_200/block1/unit_3/bottleneck_v2/conv2/BatchNorm/FusedBatchNorm_grad/tuple/control_dependency_2
273.0,1179648.0,gradients/AddN_257
275.0,2048.0,gradients/resnet_v2_200/block1/unit_3/bottleneck_v2/conv1/BatchNorm/FusedBatchNorm_grad/tuple/control_dependency_2
275.0,2048.0,gradients/resnet_v2_200/block1/unit_3/bottleneck_v2/conv1/BatchNorm/FusedBatchNorm_grad/tuple/control_dependency_1
277.0,8192.0,gradients/resnet_v2_200/block1/unit_2/bottleneck_v2/conv3/BiasAdd_grad/tuple/control_dependency_1
277.0,8192.0,gradients/resnet_v2_200/block1/unit_3/bottleneck_v2/preact/FusedBatchNorm_grad/tuple/control_dependency_1
277.0,8192.0,gradients/resnet_v2_200/block1/unit_3/bottleneck_v2/preact/FusedBatchNorm_grad/tuple/control_dependency_2
277.0,524288.0,gradients/AddN_258
278.0,524288.0,gradients/AddN_260
279.0,2048.0,gradients/resnet_v2_200/block1/unit_2/bottleneck_v2/conv2/BatchNorm/FusedBatchNorm_grad/tuple/control_dependency_1
280.0,2048.0,gradients/resnet_v2_200/block1/unit_2/bottleneck_v2/conv2/BatchNorm/FusedBatchNorm_grad/tuple/control_dependency_2
281.0,1179648.0,gradients/AddN_261
282.0,2048.0,gradients/resnet_v2_200/block1/unit_2/bottleneck_v2/conv1/BatchNorm/FusedBatchNorm_grad/tuple/control_dependency_2
282.0,2048.0,gradients/resnet_v2_200/block1/unit_2/bottleneck_v2/conv1/BatchNorm/FusedBatchNorm_grad/tuple/control_dependency_1
284.0,8192.0,gradients/resnet_v2_200/block1/unit_1/bottleneck_v2/conv3/BiasAdd_grad/tuple/control_dependency_1
284.0,8192.0,gradients/resnet_v2_200/block1/unit_1/bottleneck_v2/shortcut/BiasAdd_grad/tuple/control_dependency_1
284.0,8192.0,gradients/resnet_v2_200/block1/unit_2/bottleneck_v2/preact/FusedBatchNorm_grad/tuple/control_dependency_1
284.0,8192.0,gradients/resnet_v2_200/block1/unit_2/bottleneck_v2/preact/FusedBatchNorm_grad/tuple/control_dependency_2
284.0,524288.0,gradients/AddN_262
285.0,524288.0,gradients/AddN_264
285.0,524288.0,gradients/AddN_265
288.0,2048.0,gradients/resnet_v2_200/block1/unit_1/bottleneck_v2/conv2/BatchNorm/FusedBatchNorm_grad/tuple/control_dependency_1
288.0,2048.0,gradients/resnet_v2_200/block1/unit_1/bottleneck_v2/conv2/BatchNorm/FusedBatchNorm_grad/tuple/control_dependency_2
289.0,1179648.0,gradients/AddN_266
290.0,2048.0,gradients/resnet_v2_200/block1/unit_1/bottleneck_v2/conv1/BatchNorm/FusedBatchNorm_grad/tuple/control_dependency_2
290.0,2048.0,gradients/resnet_v2_200/block1/unit_1/bottleneck_v2/conv1/BatchNorm/FusedBatchNorm_grad/tuple/control_dependency_1
292.0,131072.0,gradients/AddN_268
293.0,2048.0,gradients/resnet_v2_200/block1/unit_1/bottleneck_v2/preact/FusedBatchNorm_grad/tuple/control_dependency_2
293.0,2048.0,gradients/resnet_v2_200/block1/unit_1/bottleneck_v2/preact/FusedBatchNorm_grad/tuple/control_dependency_1
295.0,2048.0,gradients/resnet_v2_200/conv1/BiasAdd_grad/tuple/control_dependency_1
295.0,301056.0,gradients/AddN_269
